CREATE TABLE "Users" (
  "id" SERIAL PRIMARY KEY,
  "name" varchar,
  "email" varchar,
  "company" varchar,
  "created_at" timestamp DEFAULT CURRENT_TIMESTAMP,
  "updated_at" timestamp DEFAULT CURRENT_TIMESTAMP
);

CREATE TABLE "UserInterest" (
  "id" SERIAL PRIMARY KEY,
  "userId" int,
  "topic" VARCHAR,
  "created_at" timestamp DEFAULT CURRENT_TIMESTAMP,
  "updated_at" timestamp DEFAULT CURRENT_TIMESTAMP
);
CREATE TABLE "Instructors" (
  "id" SERIAL PRIMARY KEY,
  "name" varchar,
  "email" varchar,
  "company" varchar,
  "created_at" timestamp DEFAULT CURRENT_TIMESTAMP,
  "updated_at" timestamp DEFAULT CURRENT_TIMESTAMP
);
CREATE TABLE "InstructorExpertise" (
  "id" SERIAL PRIMARY KEY,
  "instructorId" int,
  "topic" varchar,
  "created_at" timestamp DEFAULT CURRENT_TIMESTAMP,
  "updated_at" timestamp DEFAULT CURRENT_TIMESTAMP
);
CREATE TABLE "Courses" (
  "id" SERIAL PRIMARY KEY,
  "instructorId" int,
  "name" varchar,
  "created_at" timestamp DEFAULT CURRENT_TIMESTAMP,
  "updated_at" timestamp DEFAULT CURRENT_TIMESTAMP
);
CREATE TABLE "CourseTopic" (
  "id" SERIAL PRIMARY KEY,
  "courseId" int,
  "topic" varchar,
  "created_at" timestamp DEFAULT CURRENT_TIMESTAMP,
  "updated_at" timestamp DEFAULT CURRENT_TIMESTAMP
);
CREATE TABLE "CourseAttendee" (
  "id" SERIAL PRIMARY KEY,
  "courseId" int,
  "attendeeId" int,
  "created_at" timestamp DEFAULT CURRENT_TIMESTAMP,
  "updated_at" timestamp DEFAULT CURRENT_TIMESTAMP
);
ALTER TABLE "UserInterest"
ADD FOREIGN KEY ("userId") REFERENCES "Users" ("id");
ALTER TABLE "InstructorExpertise"
ADD FOREIGN KEY ("instructorId") REFERENCES "Instructors" ("id");
ALTER TABLE "CourseAttendee"
ADD FOREIGN KEY ("courseId") REFERENCES "Courses" ("id");
ALTER TABLE "CourseAttendee"
ADD FOREIGN KEY ("attendeeId") REFERENCES "Users" ("id");
ALTER TABLE "CourseTopic"
ADD FOREIGN KEY ("courseId") REFERENCES "Courses" ("id");
ALTER TABLE "Courses"
ADD FOREIGN KEY ("instructorId") REFERENCES "Instructors" ("id");

INSERT INTO "Instructors" ("id","name","email","company") VALUES (1,'Veronica Smith','Paige Cruz','Rich-Mccarty'),(2,'Matthew Le','Angela Baxter','Harmon, Wong and Oneal'),(3,'Benjamin Hammond','Patricia Greer','Dean-Mcpherson'),(4,'Paul Baker','Jenna Alexander','Ryan, Blevins and Liu'),(5,'Benjamin Davis','Regina Morrow','Burns LLC'),(6,'Michael Klein','Robin Collier','Gray, Barber and Mack'),(7,'Bianca Hill','William Bishop','Martin-Johnson'),(8,'Cynthia Reyes','Eric Duke','Burns LLC'),(9,'Jacob Manning','Molly Bell','Hayes, Thompson and Santana'),(10,'Ashley Page','Christopher Glover','Brown, Hernandez and Osborne'),(11,'Christopher Graves','Laura Brown','Hernandez, Bennett and Sanchez'),(12,'Sonia Cobb','Krystal Bishop','Miller, Martin and Smith'),(13,'Joseph Alexander','Beverly Browning','Fernandez PLC'),(14,'Billy Perez','Kim Gutierrez','Chambers, West and Sanders'),(15,'Melissa Ibarra','Dr. Robert Hart DDS','Robertson and Sons'),(16,'Joseph Tran','Kelly Forbes','Conway, Henderson and Obrien'),(17,'Roberto Moore','Keith Palmer','Lee and Sons'),(18,'Charles Dixon','Craig Baker','Johnson Inc'),(19,'Martha Turner','Brandon Neal','Rhodes-Armstrong'),(20,'Kathryn Kennedy','Jack Robinson','Smith-Wheeler'),(21,'Eric Nguyen','Michelle Santos','Kelly-Miller'),(22,'Susan Walter','Kenneth Barnes','Collins-Wells'),(23,'Thomas Wood','James Short','Patel, Jones and Chavez'),(24,'Jon Harrison','Casey Brady','Baker-Higgins'),(25,'Richard Silva','Ian White','Hooper LLC');
INSERT INTO "InstructorExpertise" ("id","instructorId","topic") VALUES (1,1,'Nodejs'),(2,1,'Jupyter Notebook'),(3,1,'Rust'),(4,1,'Kubernetes'),(5,1,'Python'),(6,1,'CSS'),(7,1,'GraphQL'),(8,1,'Event Streaming'),(9,1,'Web Scraping'),(10,1,'C++'),(11,2,'Tensorflow'),(12,2,'Jenkins'),(13,2,'Jupyter Notebook'),(14,2,'Rust'),(15,2,'Kubeflow'),(16,2,'Docker'),(17,2,'Quarkus'),(18,2,'Apache Beam'),(19,2,'AI'),(20,2,'Scala'),(21,3,'Jenkins'),(22,3,'Jupyter Notebook'),(23,3,'Scrum'),(24,3,'Python'),(25,3,'Design Patterns'),(26,3,'React'),(27,3,'Containers'),(28,3,'Docker'),(29,3,'Quarkus'),(30,3,'Java'),(31,3,'Concurrency'),(32,3,'C++'),(33,3,'Scala'),(34,4,'Rust'),(35,4,'Scrum'),(36,4,'Design Patterns'),(37,4,'HTML5'),(38,4,'Spark'),(39,4,'Devops'),(40,4,'CSS'),(41,4,'Data Encryption'),(42,5,'Jenkins'),(43,5,'Tensorflow'),(44,5,'Nodejs'),(45,5,'Design Patterns'),(46,5,'Spark'),(47,5,'Kubeflow'),(48,5,'Docker'),(49,5,'Java'),(50,5,'C++'),(51,5,'AI'),(52,5,'Scala'),(53,6,'Swift'),(54,6,'GraphQL'),(55,6,'Scala'),(56,6,'Event Streaming'),(57,6,'Openshift'),(58,6,'Data Encryption'),(59,7,'Jenkins'),(60,7,'Kanban'),(61,7,'Nodejs'),(62,7,'Jupyter Notebook'),(63,7,'Scrum'),(64,7,'Design Patterns'),(65,7,'HTML5'),(66,7,'Devops'),(67,7,'Kubeflow'),(68,7,'Docker'),(69,7,'Apache Beam'),(70,7,'Event Streaming'),(71,7,'C++'),(72,7,'Data Encryption'),(73,8,'Spark'),(74,8,'HTML5'),(75,8,'Devops'),(76,8,'Apache Beam'),(77,8,'C++'),(78,9,'Tensorflow'),(79,9,'Jenkins'),(80,9,'Kanban'),(81,9,'Ansible'),(82,9,'Python'),(83,9,'Spark'),(84,9,'React'),(85,9,'Kubeflow'),(86,9,'Containers'),(87,9,'Apache Beam'),(88,9,'GraphQL'),(89,9,'Hadoop'),(90,9,'Event Streaming'),(91,9,'C++'),(92,10,'Rust'),(93,10,'Kubernetes'),(94,10,'Scrum'),(95,10,'Python'),(96,10,'Ansible'),(97,10,'Spark'),(98,10,'HTML5'),(99,10,'React'),(100,10,'Docker'),(101,10,'GraphQL'),(102,10,'Java'),(103,10,'Data Encryption'),(104,11,'Kanban'),(105,11,'Kubernetes'),(106,11,'Ansible'),(107,11,'React'),(108,11,'Data Encryption'),(109,11,'Quarkus'),(110,11,'GraphQL'),(111,11,'CSS'),(112,11,'Java'),(113,11,'Scala'),(114,12,'Tensorflow'),(115,12,'Jupyter Notebook'),(116,12,'Rust'),(117,12,'Go'),(118,13,'Jenkins'),(119,13,'Kanban'),(120,13,'Nodejs'),(121,13,'Rust'),(122,13,'Kubernetes'),(123,13,'Ansible'),(124,13,'Design Patterns'),(125,13,'HTML5'),(126,13,'Spark'),(127,13,'Kubeflow'),(128,13,'Concurrency'),(129,13,'Scala'),(130,14,'Nodejs'),(131,14,'Rust'),(132,14,'Concurrency'),(133,14,'Devops'),(134,14,'Kubeflow'),(135,14,'CSS'),(136,14,'Hadoop'),(137,14,'Openshift'),(138,14,'Web Scraping'),(139,14,'Data Encryption'),(140,15,'Jenkins'),(141,15,'Rust'),(142,15,'Kubernetes'),(143,15,'Scrum'),(144,15,'Python'),(145,15,'Spark'),(146,15,'React'),(147,15,'Docker'),(148,15,'Apache Beam'),(149,15,'Hadoop'),(150,15,'Java'),(151,15,'Openshift'),(152,15,'Data Encryption'),(153,16,'Jenkins'),(154,16,'Nodejs'),(155,16,'Kubernetes'),(156,16,'Python'),(157,16,'Containers'),(158,16,'Docker'),(159,16,'GraphQL'),(160,16,'Hadoop'),(161,16,'Web Scraping'),(162,16,'C++'),(163,17,'Jenkins'),(164,17,'Scrum'),(165,17,'Docker'),(166,17,'CSS'),(167,17,'Event Streaming'),(168,17,'Concurrency'),(169,17,'Web Scraping'),(170,18,'Jenkins'),(171,18,'Swift'),(172,18,'HTML5'),(173,18,'React'),(174,18,'Devops'),(175,18,'Java'),(176,18,'Openshift'),(177,18,'C++'),(178,18,'Data Encryption'),(179,19,'Tensorflow'),(180,20,'Design Patterns'),(181,20,'Containers'),(182,20,'Openshift'),(183,20,'C++'),(184,20,'Scala'),(185,21,'Java'),(186,21,'Tensorflow'),(187,21,'Kubernetes'),(188,22,'Tensorflow'),(189,22,'Kanban'),(190,22,'Nodejs'),(191,22,'Kubernetes'),(192,22,'Ansible'),(193,22,'React'),(194,22,'Devops'),(195,22,'Docker'),(196,22,'Quarkus'),(197,22,'GraphQL'),(198,22,'Event Streaming'),(199,22,'Java'),(200,22,'Scala'),(201,23,'Tensorflow'),(202,23,'Kanban'),(203,23,'Jupyter Notebook'),(204,23,'Ansible'),(205,23,'Spark'),(206,23,'React'),(207,23,'GraphQL'),(208,23,'CSS'),(209,23,'Java'),(210,24,'Concurrency'),(211,24,'GraphQL'),(212,24,'Go'),(213,24,'Event Streaming'),(214,24,'Java'),(215,24,'Openshift'),(216,24,'Web Scraping'),(217,24,'AI'),(218,25,'Rust'),(219,25,'Scrum'),(220,25,'Python'),(221,25,'React'),(222,25,'Devops'),(223,25,'Docker'),(224,25,'Data Encryption'),(225,25,'Hadoop'),(226,25,'Go'),(227,25,'Event Streaming'),(228,25,'Scala');
INSERT INTO "Users" ("id","name","email","company") VALUES (1,'Travis Miller','michellebrooks@williams.net','Russell-Rowe'),(2,'Rick Nelson','robinsonjoshua@garner-petersen.net','Hall and Sons'),(3,'Angel Shaw','halekenneth@george.info','Coleman-Lee'),(4,'Jessica Sutton','smithbrett@hotmail.com','Hamilton-Rodriguez'),(5,'Lori Johnson','robertgomez@gmail.com','Andrade Group'),(6,'David Padilla','gabriellewhite@peterson-page.info','Chambers PLC'),(7,'Rachael Stevenson','fbooker@williams.com','Miller Inc'),(8,'Christina Sparks','johnvance@henderson-hernandez.biz','Taylor, Webb and Martin'),(9,'Antonio Keller','jennifer51@warner.net','Hubbard LLC'),(10,'Gary Williams','stevensjessica@ingram-diaz.net','Hill-Matthews'),(11,'Jeremy Perez','qacevedo@gmail.com','Glover-Patrick'),(12,'Kyle Sanchez','emerritt@gmail.com','Harrison-Sandoval'),(13,'Kelly Harding','nwaller@gmail.com','Brown, Torres and Christensen'),(14,'Theresa Brown','amberrodriguez@hotmail.com','Williamson PLC'),(15,'Whitney Abbott','tsmith@yahoo.com','Brown-Mccann'),(16,'Patrick Nelson','cantrellkristen@gmail.com','Johnson-Nunez'),(17,'John Richards','hernandezkeith@hotmail.com','Campbell, Cooper and Sanchez'),(18,'Jared Sullivan','qsparks@tucker.com','Brown Ltd'),(19,'Paul Williams','ashley58@bell.biz','Arnold Ltd'),(20,'Rebekah Williams','moratina@oconnor.com','Conner, Mendez and Peterson'),(21,'Bruce Greene','thomas44@hotmail.com','Rodriguez, Carlson and Walters'),(22,'Randy Murphy','davidstuart@olson.com','Taylor-Olsen'),(23,'Leon Moran','lgoodwin@gallagher-hernandez.com','West-Tran'),(24,'Brittney Sims','carriealvarez@harper-carey.com','Pierce Group'),(25,'Anthony Hogan','pachecojennifer@patterson-velasquez.com','Martin, Taylor and Sharp'),(26,'Amanda Diaz','gstone@gmail.com','Deleon, Campos and Roberts'),(27,'Elizabeth Mann','perezpatrick@moreno.info','Weber-Robertson'),(28,'Rose Thornton','hhill@garcia.com','Mays-Espinoza'),(29,'Jason Hernandez','patelapril@cox-reed.biz','Cole and Sons'),(30,'Carl Williams','hectorgray@gmail.com','Harper and Sons'),(31,'Jason Manning','alejandrovega@hotmail.com','Nunez Group'),(32,'Jamie Smith','michaelbrowning@tucker.com','Mason-Woodward'),(33,'Michael Morris','kscott@ross.info','Simmons PLC'),(34,'Jeff Snyder','baileylewis@jackson.com','Simpson-Blevins'),(35,'Aaron Patterson','emmamoreno@ramsey.com','Dalton and Sons'),(36,'Rachel Patterson','pfitzpatrick@jackson.net','Turner, Ortega and Banks'),(37,'Ashley Morris','stevensjames@gmail.com','Ortega-Walker'),(38,'Krista Long','brianperez@hotmail.com','Fischer, Olsen and King'),(39,'Hannah Gonzalez','mariabarnett@weiss.com','Williams-Shaw'),(40,'Brandon Bennett','barbaraclayton@bauer.com','Baker-Maynard'),(41,'Thomas Hall','adamlevine@good.info','Smith, Schmidt and Thornton'),(42,'Beth Baker','dianacooper@yahoo.com','Jones, Braun and Ruiz'),(43,'Kathleen Carpenter','tiffany81@baker-williams.net','Jones Ltd'),(44,'Fred Young','geraldcole@gmail.com','Brooks, Dickerson and Pittman'),(45,'Gary Fisher','douglas49@gmail.com','Taylor LLC'),(46,'Lindsay Taylor','francisveronica@gmail.com','York, Gentry and Gentry'),(47,'Robert Spears','davidevans@torres-wallace.net','Williams LLC'),(48,'Alicia Lopez','shawnafox@chapman.com','Robinson-Stevens'),(49,'Nicholas Rogers','brendasantiago@gmail.com','Sanchez, Rogers and Armstrong'),(50,'Cathy Green','peggy80@bryant.com','Mosley and Sons'),(51,'Colleen Byrd','lukelowe@allen.com','Murillo Inc'),(52,'Jenna Thomas','jrobbins@miles.com','Pitts-Sims'),(53,'Jacob Chan','ernest35@potter.info','Vega-Rose'),(54,'Maria Lee','dhaynes@reed.com','Nelson-Green'),(55,'Angela Hunt','sbaker@bates.net','Tucker-Lewis'),(56,'Timothy Gibson','vlewis@yahoo.com','Lee Group'),(57,'Jennifer Diaz','mccartycarlos@hotmail.com','Parrish PLC'),(58,'Renee Williams','jenniferhernandez@yahoo.com','Gomez Inc'),(59,'James Wells','kmclaughlin@gmail.com','Kelly LLC'),(60,'Nathan Torres','benjaminbrandy@gmail.com','Morris-Nelson'),(61,'Jamie Ross','hkim@gmail.com','Humphrey and Sons'),(62,'Jessica Avila DVM','mwest@bryant.com','Preston-Brady'),(63,'Tara Lin','msmith@gmail.com','Benson LLC'),(64,'Justin Cole','villamichelle@fitzgerald-gonzales.com','Sanchez-Miller'),(65,'Kimberly Richmond','emilybaker@gmail.com','Payne-Figueroa'),(66,'David Smith','patricia71@yahoo.com','Lewis-Johnson'),(67,'David Torres','heather60@trujillo.biz','Sanchez Inc'),(68,'Martin Morrow','tyler30@yahoo.com','Castillo, Galvan and Murray'),(69,'Jill Pruitt','xallison@hotmail.com','Rojas-Hood'),(70,'Sheri Delgado','joshuawest@gmail.com','Dominguez, Melendez and Martinez'),(71,'Kevin Mueller','victorianorton@hotmail.com','Young LLC'),(72,'Christina Bautista','kristinawood@hotmail.com','Ferguson, Graves and Long'),(73,'Gabrielle Fowler','ngonzales@hotmail.com','Mason, Young and Martin'),(74,'Sharon Padilla','donaldholt@yahoo.com','Humphrey Inc'),(75,'Eric Holmes','fullerjulia@yahoo.com','Lewis PLC'),(76,'Stefanie Hill','bradfordpamela@adams.org','Diaz-Combs'),(77,'Jonathan Johnson','emilywade@gmail.com','Rogers-Washington'),(78,'Amber Nelson','qhall@yahoo.com','Beltran-Moore'),(79,'Miss Donna Velazquez','vbuckley@gmail.com','Johnson PLC'),(80,'James Lewis','rcaldwell@hotmail.com','Moore-Bailey'),(81,'Marissa Cook','brian49@yahoo.com','Waters PLC'),(82,'John Robinson','raykimberly@chapman.org','Page Ltd'),(83,'Michael Coleman','georgewhitehead@yahoo.com','Lewis PLC'),(84,'Molly James','janicecross@hotmail.com','Contreras-Andrews'),(85,'Robert Collins','smithdenise@hotmail.com','Dawson LLC'),(86,'Kimberly Brown','phunt@gmail.com','Cooper PLC'),(87,'Cathy Williams','azimmerman@duke.com','Kelley, Berry and Porter'),(88,'Taylor Phillips','vali@gmail.com','Ferguson, Gallagher and Flores'),(89,'David Stafford','kristen12@williams-whitney.com','Williams, Simmons and Jackson'),(90,'Brandon Holloway','brandon90@brown-porter.com','Moore, Hester and Hardy'),(91,'Jack Lowe','michaelthomas@jimenez.com','Brady-Lawson'),(92,'Joann Bailey','taylorbarbara@yahoo.com','Jones LLC'),(93,'April Carter','bradleyjacob@yahoo.com','Williamson, Johnson and Nelson'),(94,'Kelly Davis','michael39@reyes-reed.info','Huynh LLC'),(95,'Kristina Perry','katherine33@keller.info','Jackson, Ross and Pruitt'),(96,'Daniel Rubio','alandyer@taylor.org','Prince Ltd'),(97,'Susan Brock','tracyanderson@hotmail.com','Perez-Clark'),(98,'Mr. Robert Weiss','kristina10@gould-owens.net','Norman-Harris'),(99,'Michael Smith','sallycolon@martin.com','Thompson, Williams and Diaz'),(100,'Donald Kim','swansonjames@lewis.com','Randall, Hamilton and Johnson'),(101,'Jesse Black','nguyenrobert@yahoo.com','Lester Group'),(102,'Tiffany Riley','vmorales@hotmail.com','Harrell PLC'),(103,'Angela Dickerson','jesse38@jones-johns.com','Ramirez-Mcgee'),(104,'Fernando Hicks','michaelmann@hotmail.com','Davis, Miller and Thomas'),(105,'Michael Scott','merrittdonald@sims-curtis.org','Smith Ltd'),(106,'Spencer Morton','karen45@yahoo.com','Miller-Jones'),(107,'Ariel Mitchell','brendanjenkins@yahoo.com','Anderson, Smith and Trujillo'),(108,'Barbara Gonzalez','david42@castro.info','Rodriguez, Hernandez and Allen'),(109,'Catherine Harris','qnewman@gmail.com','Sherman-West'),(110,'Gabriella Bryant','ashleyevans@lam-estrada.com','Everett-Johnson'),(111,'Eric Crawford','ivan24@hotmail.com','Shaw-Cunningham'),(112,'Mr. Kenneth Thompson','maria88@garner.net','Holmes Group'),(113,'Shelby Williams','hawkinslisa@gmail.com','Walker PLC'),(114,'Aaron Arnold','paul32@thompson.com','Valencia Ltd'),(115,'Michelle Knight','doylemike@gmail.com','Peterson-Luna'),(116,'Linda Walters','ronaldcain@johns-conley.com','Maldonado, Edwards and Gonzalez'),(117,'Henry Baker','lanekatie@patel-torres.com','Johnson, Young and Wright'),(118,'Mark Phillips','cbrown@gmail.com','Simmons Inc'),(119,'Michael Morgan','alicia16@chaney.com','Ingram Inc'),(120,'Angela Schmidt','mhughes@gmail.com','Gomez, Johnson and Wong'),(121,'Christina Bailey','olsonkelly@gmail.com','Clark-Weber'),(122,'Kimberly Murphy','bennettaaron@gmail.com','Porter, Lam and Bowers'),(123,'Kyle Thomas MD','andrew25@hoover.com','Mitchell Ltd'),(124,'Shirley Booth','adam34@jennings.com','Hanna PLC'),(125,'Michael Taylor','sandersangie@hotmail.com','Villa Ltd'),(126,'Mr. Austin Nguyen','johnsonkenneth@hawkins-matthews.com','Branch and Sons'),(127,'James Davis','kenneth66@perry-rosales.biz','Wilson, Sandoval and Soto'),(128,'Roy Cooley','gonzalezanthony@taylor.com','Hernandez Group'),(129,'Tony Davis','john96@gmail.com','Roberson, Ward and Sanchez'),(130,'Kyle Weaver','denise94@hotmail.com','Neal-Cook'),(131,'Connie Rice','catherine03@yahoo.com','Gutierrez-Garcia'),(132,'Ashley Pena','stanleymichael@yahoo.com','Cummings, Stein and Curtis'),(133,'Mark Stanley','martinezandrew@yahoo.com','Randolph-Hudson'),(134,'Laurie Graves','kendra67@jackson-weaver.com','Mcgee, Schwartz and Jimenez'),(135,'Roberto Burton','victoriahiggins@hotmail.com','Lawson Group'),(136,'Robert Dalton','karina62@long.com','Peterson LLC'),(137,'Stephen Ortiz','jessicasweeney@gmail.com','Wright-Gay'),(138,'Kristin Blair MD','kayla76@smith-rose.biz','Mcneil, Green and Smith'),(139,'Joanna Green','laurenvance@richardson.com','Chambers-Gibson'),(140,'Shawn Moore','jasonmiller@kelly.biz','Mckay-Russell'),(141,'Catherine Ruiz','blakehensley@gmail.com','Sawyer, Williamson and Valdez'),(142,'William Gentry','kristensanchez@gmail.com','Dennis and Sons'),(143,'Dana Castillo','fkaufman@higgins.biz','Roberson, Berry and Chavez'),(144,'Mr. Calvin Gonzales III','williamstevens@yahoo.com','Nelson, Garza and Griffin'),(145,'Frank Kramer','lbaker@hotmail.com','Morrison Ltd'),(146,'Jamie Wheeler','pamelarivera@gmail.com','Cobb Inc'),(147,'Sara Lucero','amedina@hale-howard.net','Price LLC'),(148,'Melanie Bonilla','mpreston@hotmail.com','Pittman Group'),(149,'Amber Johnson','mejiagary@gmail.com','Olson, Underwood and Griffin'),(150,'Allison Kim','alexanderbenjamin@jensen.info','Middleton-Malone'),(151,'Douglas Reid','austingarcia@gmail.com','Johnson Inc'),(152,'Darrell Brown','marilyn00@jackson.com','Russell PLC'),(153,'Michael Barnes','jennifer25@dickson.biz','Peters-Jenkins'),(154,'Natalie Becker','christopherpowell@davidson-hall.org','Cannon-Diaz'),(155,'Kenneth Martin','todom@smith-smith.com','Mendoza, Nichols and Jones'),(156,'Reginald Watson','matthew14@romero-shepherd.info','Campos-Taylor'),(157,'Nicholas Buchanan','amandabray@morales.com','Potter-Davis'),(158,'Samuel Payne','carterchristopher@hotmail.com','Robinson LLC'),(159,'Kim Ferrell','chapmanjudy@rivera.com','Mcdonald-Torres'),(160,'Amber Mckee','dianasantiago@smith.com','Briggs Inc'),(161,'Hunter Sosa','mbanks@hotmail.com','Richards, Henderson and Wolf'),(162,'Zachary Long','samantha81@hotmail.com','Gonzalez Ltd'),(163,'Jennifer Sutton','vmcdonald@taylor.org','Guerrero, Johnson and Vance'),(164,'Laurie Reid','donna15@white.com','Thompson, Simmons and Hubbard'),(165,'Sandra Zamora','xwilliams@delacruz-hall.com','Chambers-Ramirez'),(166,'Elizabeth Lewis','natashalopez@gmail.com','Scott-Martinez'),(167,'Jeffery Miller','whitney43@gmail.com','Jackson-Arias'),(168,'Michael Robertson','jdean@hotmail.com','Schmitt, Robertson and Osborn'),(169,'Linda Beck','kellersusan@powell.info','Hardy Ltd'),(170,'David Kennedy PhD','qbray@flores.com','Gilbert PLC'),(171,'Ronald Brooks','goodwinanita@yahoo.com','Mitchell Ltd'),(172,'Rebecca Peterson','linda85@hotmail.com','Bennett, Murray and Arnold'),(173,'David Andrade MD','michaelhines@clark-collins.com','Anderson-Lara'),(174,'Virginia Pollard','jillbarton@porter-bishop.com','Thompson-Saunders'),(175,'Ryan Miller','pramirez@yahoo.com','Beck, Weaver and Kramer'),(176,'James Morris','cody29@ross-flores.com','Lamb PLC'),(177,'Kathleen Rios','gbeck@hensley.com','Mosley-Best'),(178,'James Munoz','amanda60@burton-phillips.com','Hale-Hull'),(179,'Michelle Miller','alexandria61@yahoo.com','Braun, Martinez and Turner'),(180,'Dylan Herring','kimberly11@hotmail.com','Brown, White and Adams'),(181,'Taylor Webb','briana53@gmail.com','Morgan-Washington'),(182,'Elizabeth Johnson','torresmichelle@ellis-ortega.net','Rose, Cox and Drake'),(183,'Theresa Case','jonespedro@wright-melton.com','Munoz-Rogers'),(184,'Janet Floyd','nguyenbradley@yahoo.com','Hayes-Parker'),(185,'Ryan Anderson','ekim@nelson.com','Jacobson and Sons'),(186,'John Miller','sharon62@lane.info','White, Murphy and Hall'),(187,'Richard Taylor','psantos@hotmail.com','Ramirez, Wagner and Smith'),(188,'Carla Sullivan','anthony28@hotmail.com','Ashley Group'),(189,'Luis Elliott','faguirre@yahoo.com','Henry-Johnson'),(190,'Kristine Sanchez','uturner@hotmail.com','Mclaughlin-Hampton'),(191,'Sherri English','timstrickland@anderson-pace.org','Montgomery Ltd'),(192,'Victoria Walker','kendra22@yahoo.com','Spence Inc'),(193,'Chris Freeman','omann@cooper.com','Brown-Curtis'),(194,'Nathan Callahan','vallen@williams.net','Romero-Hobbs'),(195,'Caitlyn Harmon','fscott@singleton.net','Grimes Group'),(196,'Paula Ellis','kayla17@obrien.com','Miller, Crawford and Miller'),(197,'Victoria Carter','jamesedwards@walker.net','Leon-Chavez'),(198,'Christopher Johnson','breanna67@morgan-douglas.info','Cobb LLC'),(199,'Laura Scott','cevans@hotmail.com','Greene, Hodge and Carlson'),(200,'Catherine Cardenas','mlee@ibarra.info','Miles, Williams and Gregory'),(201,'Rachel Taylor','brent58@torres.biz','Rollins and Sons'),(202,'Rita Graves','swilliams@yahoo.com','Lewis LLC'),(203,'Alexander Randolph','keaton@brown-scott.com','Smith Inc'),(204,'Jerry Hanson','bwise@hotmail.com','Ramirez, Jordan and Walter'),(205,'John Deleon','ytate@watson.com','Suarez, Jones and Woods'),(206,'Darren Garza','larsenjulie@williams.biz','Cabrera Inc'),(207,'Tara Hudson','ruth28@hotmail.com','Mccarty-Burgess'),(208,'James Paul','kingconnor@obrien.com','Wright, Yu and Hill'),(209,'Kathryn Duncan','dellis@avery-fernandez.com','Cortez-Moore'),(210,'Troy Peterson','belltravis@gmail.com','Wheeler, Harris and Middleton'),(211,'Kirk Morgan','monica07@hotmail.com','Johnson PLC'),(212,'Lauren Harris','lisasandoval@skinner-jones.com','George, Gillespie and Brooks'),(213,'Mark Torres','burnsjohn@shaffer-wallace.org','Avila, Thomas and Valenzuela'),(214,'Bradley Garrison','christopher10@barnett.net','Norman Ltd'),(215,'Mitchell Torres','cassandra79@gmail.com','Roberts and Sons'),(216,'Jesus Wright','davistrevor@hoover.com','Leach, Zhang and Jones'),(217,'Ruth Black','ebeck@bass-pitts.com','Cooper Ltd'),(218,'Anthony Hernandez','davidwong@yahoo.com','Hodge-Downs'),(219,'Erin Moran','zyoung@yahoo.com','Smith-Murphy'),(220,'John Wall','tibarra@adams.com','Williams-Manning'),(221,'Michael Fleming','gail24@powell.net','Johnson, West and Marshall'),(222,'David Park','tallen@chen-haley.com','Carr-Houston'),(223,'Michael Davis','martinjulie@evans.com','Roy, Ford and Jackson'),(224,'Terri Reyes','nancy53@rodriguez.org','Jenkins-Quinn'),(225,'Laura Campbell','brogers@curry-ross.com','Burgess, Garcia and Johnson'),(226,'Michael Hendrix','kelli51@hotmail.com','Padilla-Bartlett'),(227,'Lance Bailey','hayleycoleman@gmail.com','Thomas, Gray and Knight'),(228,'Michael Houston','jennifer04@klein-barnes.biz','Johnson, Jacobs and Johnson'),(229,'Monica Torres','christine87@frederick.org','Strickland LLC'),(230,'Kara Williams','nathanielhoward@hotmail.com','Williams, Anderson and Butler'),(231,'Kelly Williamson','rnash@gmail.com','Lawson-Olson'),(232,'Katherine Dennis','robinsonjackson@yahoo.com','Fisher-Harrison'),(233,'Ashley Sanchez','vickiespinoza@white.org','Wilson Inc'),(234,'Joseph Atkins','hutchinsonwayne@cisneros.info','Silva Group'),(235,'Kevin Powell','lauren10@gmail.com','Stone-Mills'),(236,'Stephen Johnson','wujennifer@martinez.com','Ortiz-Williams'),(237,'Kimberly Anderson','daryl57@martin.com','Hunter Inc'),(238,'Melissa Kelly','stanleywilliams@gmail.com','Robertson-Prince'),(239,'Elizabeth Coleman','barbara92@jones.com','Williams and Sons'),(240,'Julia Schmitt','qhull@fleming-bell.net','Hampton, Jimenez and Price'),(241,'Donald Hall','martinezvanessa@clark-gonzalez.com','Gonzalez PLC'),(242,'Jose Morales','donald85@smith.com','Dominguez, Bailey and Henry'),(243,'Kelli Chapman','qlong@castillo.com','Zuniga, Jordan and Kirk'),(244,'Isabella Dawson','bobby52@conner-bryant.com','Silva, Sullivan and Roberts'),(245,'James Smith','lauraaguirre@olson.com','Cook, Petersen and Murphy'),(246,'Justin Gibbs','stewartmarcus@carrillo.net','King, Harrington and Kemp'),(247,'William Cortez','danielstone@hotmail.com','Parker, Blankenship and Brown'),(248,'Todd Ramirez','rmonroe@hudson-farrell.com','Brown-Lewis'),(249,'Shirley Jones','mcguiretracy@hotmail.com','Turner, Perry and Day'),(250,'Mr. Jacob Turner','polsen@gmail.com','Thomas-Patel'),(251,'Aaron Mendez','mario56@gmail.com','Mitchell-Morris'),(252,'Kathleen Ho','melvin08@hernandez.com','Lowe and Sons'),(253,'Paul Parks','jonathanhicks@yahoo.com','Newton, White and Campbell'),(254,'Matthew Tate','lori89@king.com','Johnson and Sons'),(255,'Scott Martin','edwardlin@owens.com','Walker-Liu'),(256,'Robert Ruiz','katie47@anderson.com','Matthews Group'),(257,'Lisa Robinson','cookcharles@perez.org','Moore and Sons'),(258,'William Dawson','richard63@gordon.com','Thomas and Sons'),(259,'Brittany Thompson','hawkinsanita@hotmail.com','Rivas Inc'),(260,'Mr. Kevin Smith','charlesarmstrong@young.org','Jackson, Kennedy and Parker'),(261,'Alexandra Martin','haley97@huff.com','Perry Inc'),(262,'Michael Kelly','lindafranklin@gmail.com','Rodriguez-Kirk'),(263,'Monique Francis','reeseian@gmail.com','Sims-Williams'),(264,'Kyle Cruz','burtonkatherine@yahoo.com','George-Herring'),(265,'Emma Carroll','jason94@zamora.com','Cook PLC'),(266,'David Clark','yreyes@hotmail.com','Walters, Calderon and Jimenez'),(267,'Robert Pruitt','bradley01@miller.info','Rivera-Miranda'),(268,'Melanie Evans','ronaldsimmons@yahoo.com','Valencia, Ward and Friedman'),(269,'Maria Zhang','elizabethmorris@yahoo.com','Black, Ross and Vaughn'),(270,'Michael Davis','randy53@sharp-riley.com','Knight Group'),(271,'Brett Berry','harrisonheather@yahoo.com','Cox Ltd'),(272,'Jeremiah Wilson','blairangela@hotmail.com','Cunningham PLC'),(273,'Herbert Pierce','angela52@yahoo.com','Santos-Hernandez'),(274,'Kyle Phillips','amandawalker@morrison.com','Davila, Bruce and Alexander'),(275,'Laura Martin','michealnelson@hotmail.com','Clark Inc'),(276,'Melissa Mathis','edwardstracy@greer.info','Flores-Bradley'),(277,'Ronald Daniel','jill06@jones.com','Hernandez, Jones and Davis'),(278,'Matthew Wilson','clarkmichelle@gmail.com','Montoya-Valenzuela'),(279,'Mrs. Kaitlin Knight PhD','wmccann@hotmail.com','Howell Ltd'),(280,'Karen Buckley','davidbates@bennett.com','Williams-Cooper'),(281,'Kendra Smith','ingramcynthia@brady-lester.com','Stanton, Davis and Hill'),(282,'Christopher Castro','zpowell@allen.com','Scott LLC'),(283,'Kevin Lopez','andrestravis@hayes.org','Williams and Sons'),(284,'Christopher Pittman','raymond96@gmail.com','Collins, Goodwin and White'),(285,'Caleb Hernandez','fcarson@yahoo.com','Davis-Peterson'),(286,'Justin Taylor','woodwardjames@gmail.com','Green LLC'),(287,'Brian Fitzgerald','sallen@yahoo.com','Jackson, Castro and Leach'),(288,'Andrew Cameron','timothy15@hotmail.com','Gardner-Harrington'),(289,'Terri Gay','fuentesscott@peterson-harrington.net','Valenzuela-Macdonald'),(290,'Julia Simpson','ramirezrichard@jordan.info','Garcia PLC'),(291,'Marissa Patel','huntersteven@yahoo.com','Newman PLC'),(292,'Sarah Soto','manderson@daniel.info','Miller-Smith'),(293,'David Mcpherson','hughesandrew@freeman-robinson.com','Olsen, Berry and Waller'),(294,'Alyssa Green','owensdana@gmail.com','Carpenter-Hughes'),(295,'Jason Cisneros','gomezkimberly@kelley-robinson.net','Barnes-Martin'),(296,'Jesse Williams','helentorres@jordan.com','Holt-Ryan'),(297,'Robert Lee','ashley96@gmail.com','Hunter-Hernandez'),(298,'James Avila','barbarasharp@anderson.com','Kelly, Marshall and Brown'),(299,'Sarah Austin','danielsnyder@yahoo.com','Johnson-Warren'),(300,'Kelli Johnson','petersthomas@yahoo.com','Gray-Arnold'),(301,'Kenneth Johnson','leelisa@yahoo.com','Sanford, Houston and Cox'),(302,'Andrea Sparks','ellissara@gmail.com','Morgan and Sons'),(303,'Dana Mullins','isabellamitchell@stevenson.com','Sullivan-Miles'),(304,'Shelly Walker','iphelps@yahoo.com','Gonzales PLC'),(305,'Brandi Bass','vsanchez@chen-wheeler.org','Tyler, Lynch and Dalton'),(306,'Brian Adkins MD','dedwards@butler-randall.net','Foley-Carter'),(307,'Carrie Gomez','connorsalazar@parker.com','Strickland, Smith and Caldwell'),(308,'Glenn Johnson','timothymccullough@hotmail.com','Koch-Alexander'),(309,'Christopher Fitzpatrick','cobbkenneth@phillips.com','Novak, Young and Conway'),(310,'Daniel Anderson','victoria95@johnson.org','Mueller, Summers and Lozano'),(311,'Jordan Bradley','nicholas37@nelson-jones.net','Williams-Clark'),(312,'Joshua Howard','bryanttimothy@gmail.com','Campbell, Adams and James'),(313,'Samantha Sanders','fhughes@gmail.com','Hernandez-Miller'),(314,'Stacey Chen','michaelgordon@yahoo.com','Johnson, Miller and Edwards'),(315,'Diana Adams','williamswilliam@yahoo.com','Norris Group'),(316,'Collin Burgess','benjaminnewman@osborne.net','Burke, Ramos and Stephens'),(317,'Stephanie Barron','rellis@west-walker.com','Frey, Hudson and Williams'),(318,'Allen Roy','bergjason@moore.info','Russell, Hodges and Berry'),(319,'Melissa Morgan','clarkejonathan@yahoo.com','Barrett, Mooney and Townsend'),(320,'Diana Hansen','zachary99@yahoo.com','Gates, Arroyo and Powell'),(321,'Lynn Martin','williamstristan@phillips.com','Wilson-Green'),(322,'Tara Evans','millerjohn@klein.com','Simmons, Rodriguez and Lynn'),(323,'Kelly Jones','floresbarbara@gmail.com','Hernandez-Ruiz'),(324,'Peter Jackson','patricia48@hotmail.com','Cole-Chandler'),(325,'Michael Hall','pberry@hopkins-gonzalez.info','Barker PLC'),(326,'Wendy Dickson','wendytyler@ibarra-adkins.com','Bishop, Quinn and Hunt'),(327,'Douglas Knapp','whitneywashington@gmail.com','Anderson, Campos and Savage'),(328,'Shelly Mitchell','hhill@hotmail.com','Gardner-Mckee'),(329,'Logan Taylor','johnsonjodi@vasquez.info','Gill Ltd'),(330,'Jon Vega','ryan74@wallace.com','Thomas, Yang and Ross'),(331,'Jennifer Mitchell','othornton@gmail.com','Campbell-Dawson'),(332,'Derek Chapman','lcampbell@leonard.com','Brown PLC'),(333,'Rebecca Hendrix','carrie70@petersen-moon.com','Johnson, Lopez and James'),(334,'Sarah Smith','simsjoseph@hotmail.com','Hernandez-Bright'),(335,'Trevor Ellison','williamporter@hood-wheeler.com','Murray-Frank'),(336,'Terry Chen','richrobert@wright-grant.info','Mercado, Lawson and Carlson'),(337,'James Johnson','ricardothomas@hotmail.com','Campbell-Perez'),(338,'Joseph Morris','cindy29@yahoo.com','Thompson Ltd'),(339,'William Nguyen','qblankenship@gmail.com','Yang LLC'),(340,'Debra Barnes','lgonzalez@thompson-allen.com','Leon Ltd'),(341,'Stephanie Nguyen','michelle66@yahoo.com','Williams PLC'),(342,'Christopher Solomon','diane37@hotmail.com','Baker-Craig'),(343,'Amy Salazar','qroy@oconnor-hansen.com','Lopez-Odonnell'),(344,'Patricia Henderson','rodrigueztimothy@osborne.com','Jones LLC'),(345,'Jessica Wright','bgomez@west.com','Noble Group'),(346,'Maria Mendoza','julieduarte@bowman.com','Garcia-Garrett'),(347,'Sarah Johnson','piercekevin@lopez-fox.com','Meadows-Guerrero'),(348,'Teresa Lynch','kennedyjesus@hotmail.com','Hanson Ltd'),(349,'Amy Henry','amanda86@carter.com','Wilson LLC'),(350,'John Hawkins','cwallace@hotmail.com','Lee, Ayers and Scott'),(351,'John Rocha','cookdarin@yahoo.com','Craig, Evans and Tucker'),(352,'Robert Jimenez','kaylawhite@tucker.com','Campbell Ltd'),(353,'Rachel Nichols','jennifernielsen@bauer.com','West LLC'),(354,'Gabrielle Allen','wilsonjonathan@yahoo.com','Garcia-White'),(355,'Elizabeth Simmons','reyeschristina@blair.com','Williams Inc'),(356,'Lauren Nelson','barrettcatherine@hotmail.com','Graham-Kelly'),(357,'Mallory Smith','marcus00@gmail.com','Watson Inc'),(358,'Wayne Walsh','oscar61@stanton.info','Gray-Wyatt'),(359,'Donald Walton','stevenwright@reed-black.com','Powell Group'),(360,'Ryan Chandler','david09@hotmail.com','Roman, Ortiz and Bauer'),(361,'Susan Rush DDS','joseph29@yahoo.com','Mathews-Figueroa'),(362,'Kyle Mendez','brianortiz@hotmail.com','Williams-Martinez'),(363,'Dennis Todd IV','fbarker@gmail.com','Lopez, Flores and Bradley'),(364,'Jay Roberts','qstevenson@hotmail.com','Vargas-Rodgers'),(365,'Emily Wilson MD','sgreen@henry.info','Cruz and Sons'),(366,'Lawrence Hunter','coxcasey@hanson.com','Stone LLC'),(367,'Jeremiah Watkins','meghanjacobs@gibson.com','Jones-Mitchell'),(368,'Alison Wheeler','melissa15@cooley-ryan.com','Wallace, Sullivan and Ross'),(369,'Lisa Lopez','mannjeffrey@colon.net','Hatfield, Allen and Sanchez'),(370,'Gabriela Patton','jeffreyjones@hotmail.com','Peters, Lin and Anderson'),(371,'Tiffany Williams','yhill@yahoo.com','Lewis LLC'),(372,'Kyle Moore','williamstewart@manning.com','Holden, Henderson and Clark'),(373,'Jimmy Rosales','jenniferbarber@yahoo.com','French-Watson'),(374,'William Marshall','iadams@gallegos.net','Freeman-White'),(375,'Kelsey Potter','pittsthomas@hotmail.com','Ray-Franklin'),(376,'Leah Diaz','owensdaniel@hotmail.com','Foster, Shea and Gonzalez'),(377,'Kyle Brown','robert65@lambert.com','Richardson PLC'),(378,'Allison Ellis','martinezjeffrey@powell-gomez.com','Williamson, Ortiz and Kane'),(379,'Ann Daniels','fcolon@williams.com','Nicholson-Leblanc'),(380,'Samuel Nelson','amberhiggins@yahoo.com','Mcclure-Watkins'),(381,'Linda Burton','tracygoodman@murphy.com','Banks PLC'),(382,'Jacqueline Turner','hallwayne@gmail.com','White Ltd'),(383,'Misty Walton','wsanders@hotmail.com','Potts-Smith'),(384,'Michael Proctor','melissa33@gmail.com','Ford and Sons'),(385,'Julie Coleman','vlee@maldonado-stevenson.com','Macdonald-Miller'),(386,'Lawrence Lee','victorwashington@hotmail.com','Wiley, Spencer and Sanchez'),(387,'Joshua Davis','ljohnson@hotmail.com','Rose Ltd'),(388,'Jonathan Scott','charlenestevens@cooper.com','Melton-Gaines'),(389,'Alexandra Green','samuelmullen@gmail.com','Johnson-Proctor'),(390,'Rebecca Ford','fshaw@yahoo.com','Solis Ltd'),(391,'Wendy Thompson','jenna25@parker-mcdonald.info','Wilkinson, Davis and Coleman'),(392,'Kristina Cunningham','jamesacevedo@gonzalez.com','Johnson and Sons'),(393,'Martin Martin','matthew03@cortez.com','Hester, Smith and Erickson'),(394,'Shelby Adams','njackson@stone.com','Garrett Ltd'),(395,'Jennifer Turner','jessicadavis@francis.com','Olson-Bell'),(396,'Donald Carey','gwashington@williams.info','Davis, Hodges and Griffin'),(397,'Christopher Austin','collinsdanielle@perez.com','Mclaughlin-Potter'),(398,'Stacey Robles','branchmatthew@hotmail.com','Davis Ltd'),(399,'Dr. Nancy Camacho','wallerjennifer@martinez.com','Johnson, Suarez and Ellis'),(400,'Diane Stephens','dreyes@carter.com','Curtis-Gill'),(401,'Lindsay Knox','ychan@yahoo.com','Wood-Odom'),(402,'Emma Herrera','chall@haney.info','Thompson LLC'),(403,'James Pierce','david48@park.com','Johnson Group'),(404,'Aaron Powers','tiffanylarson@hotmail.com','Dalton Inc'),(405,'Joshua Mathews','jonespatricia@gmail.com','Santos-Daugherty'),(406,'Robert Marshall','paynemarc@phillips.com','Massey, Stone and Christensen'),(407,'Matthew Smith','gonzalestraci@hill.biz','Mercado LLC'),(408,'Denise Erickson','nicholasreyes@marsh.com','Wilson, Johnson and Sanchez'),(409,'Robert Ayers','joshua44@gmail.com','Wade Inc'),(410,'Paula Miller','robert63@hotmail.com','Weber LLC'),(411,'Kyle Monroe','bradley57@hotmail.com','Klein and Sons'),(412,'Denise Lewis','dominguezalexander@yahoo.com','Price-Dean'),(413,'David Dickson','zprice@stevens-sanders.com','Miller-Cox'),(414,'Sharon Robinson','alexandercoleman@bridges-avila.com','Blackwell Group'),(415,'Carmen Diaz','allison00@gmail.com','Garcia-Bryant'),(416,'Arthur Jones','delacruzdaniel@diaz.org','Bell-Li'),(417,'Steven Little','kathleenbentley@cisneros.net','Williams Group'),(418,'Thomas Smith','jillian75@scott.com','Espinoza and Sons'),(419,'Kristin Cooper','ilewis@cox.biz','Johnson PLC'),(420,'Joseph Palmer','dkennedy@schultz.com','Barry Inc'),(421,'Katie Harris','jennaterry@moreno-livingston.info','Cole Ltd'),(422,'Antonio Carroll','bentonlisa@hotmail.com','Lewis Ltd'),(423,'Jenna Williams','vicki43@hotmail.com','Buchanan-Thompson'),(424,'Kelsey Cook','corycrawford@yahoo.com','Foster, Byrd and Rivera'),(425,'George Morgan','dawn80@golden.com','Johnson-Paul'),(426,'Angela Munoz','regina57@yahoo.com','Tran-Kidd'),(427,'Gabriel Steele','jkelly@yahoo.com','Anderson Inc'),(428,'Jose Brown','robertellis@yahoo.com','Arnold-Hoffman'),(429,'Julia Anderson','christophergonzalez@yahoo.com','Wise LLC'),(430,'Michele Harris','piercedaniel@rodriguez.com','James, Johnson and Taylor'),(431,'Shawn Roth','efowler@frye.com','Gay, Carpenter and Chapman'),(432,'Pamela Hart','jclark@yahoo.com','Fernandez-Rios'),(433,'Mr. Colin Gonzalez','cschneider@yahoo.com','Lee LLC'),(434,'Ashley Jackson','torrescalvin@noble-campbell.com','Miles PLC'),(435,'Virginia Marks','efoster@thomas.info','Lewis LLC'),(436,'Victoria Howard','xvaughan@hotmail.com','Gray-Clay'),(437,'James Riggs','shawnacarlson@chang.com','Frazier, Henderson and Jackson'),(438,'Jody Alvarado','seanbrown@scott.info','George-Carey'),(439,'Robert Gutierrez','mcrawford@yahoo.com','Williams PLC'),(440,'Ashley Lopez','claydonna@graham.com','Wright Group'),(441,'Patrick Hardy','salasandrea@yahoo.com','Buck and Sons'),(442,'Jonathon Cox','sjones@carney-freeman.com','Johnson and Sons'),(443,'Edwin Lee','leslie73@travis.org','Sharp, Gonzalez and Garner'),(444,'Michael Roberts MD','christopher73@gmail.com','Woods PLC'),(445,'Nancy Nash','meganwilson@yahoo.com','Ibarra Ltd'),(446,'Jeffrey Hill','marvinmiles@yahoo.com','Norton, Dixon and Bishop'),(447,'Curtis Zamora','usnyder@yahoo.com','Norman-Andrews'),(448,'Mr. Ryan Bowen DDS','bestmonica@gmail.com','Armstrong, Williams and Walker'),(449,'Donna Tran','robinsoncarol@mason.org','Cooke, Tapia and Marshall'),(450,'David Scott','elizabeth17@paul.com','Baker-Hall'),(451,'Casey Carter','rtaylor@gmail.com','Rodriguez-Anderson'),(452,'Carla Phillips','kathleenburke@white-meza.com','Hart PLC'),(453,'Samuel Burgess','cheryl97@green.biz','Mora-Jackson'),(454,'Maria King','nguyenmaureen@yahoo.com','Jones-Silva'),(455,'Mason Johnson','goldennathaniel@gonzalez.com','Brown Inc'),(456,'Heidi Lee','kaiserjamie@hotmail.com','Rodriguez, Hill and Newton'),(457,'David Patterson','andrewking@martinez-edwards.org','Andrews Inc'),(458,'Cindy Johnson MD','thomaschristine@gmail.com','Gonzalez-Freeman'),(459,'Mark Dennis','csmith@scott-paul.com','Weiss, Jackson and Gardner'),(460,'Dawn Rivera','fgray@ray.com','Barber, Kelly and Allen'),(461,'Tammy Martin','isullivan@dudley.info','Kelley, Caldwell and Nolan'),(462,'Anthony Ingram','maxsolomon@ortiz.com','Mitchell PLC'),(463,'Molly Meyers','adavidson@nelson.com','Lewis LLC'),(464,'Tracy Smith','juliesmith@gmail.com','Stone and Sons'),(465,'Leah Craig','nicholas94@black.com','Hoover, Holder and Huffman'),(466,'Christopher Gutierrez','zachary98@gmail.com','Torres and Sons'),(467,'Patrick Lowe','hardingmicheal@gmail.com','Nunez, Long and Morgan'),(468,'Lauren Shannon','alicia07@yahoo.com','Delacruz-Fernandez'),(469,'Joseph Wilson','fergusontanner@kelly.com','Short, Vega and Foley'),(470,'Calvin Martinez','elizabeth05@rasmussen.com','Anderson, Thomas and Thompson'),(471,'Kyle Ramos','bsmith@yahoo.com','Shaw and Sons'),(472,'Christopher Brooks','matthewreyes@gmail.com','Ward and Sons'),(473,'Wesley James','fsimmons@hotmail.com','Thompson, Thompson and Mccall'),(474,'Felicia Evans','karenmoss@reyes.com','Bishop, Rose and Greer'),(475,'Matthew Stark','alexa61@gmail.com','Sanchez-Flowers'),(476,'Jennifer Reilly','perkinsbrian@yahoo.com','Chavez, Lawson and Moore'),(477,'David Thomas','bassjennifer@gmail.com','Cruz-Martin'),(478,'Hayden Reyes','stacey16@gmail.com','Noble, Phelps and Huang'),(479,'Derrick Owen','hwilson@yahoo.com','Robinson Inc'),(480,'James Ford','james30@hotmail.com','Snyder LLC'),(481,'Mr. Seth Vega MD','thomasmoore@hahn.biz','Fritz, Murphy and Wilson'),(482,'Audrey Davis','gregoryaguilar@yahoo.com','Faulkner-Walker'),(483,'Kelly Wheeler','alexandralarson@pineda.info','Cain, Brandt and Campbell'),(484,'Brian Johnson','mwhite@rodriguez.biz','Booker Inc'),(485,'Stacy Simmons','sherman@hebert.com','Zimmerman, Pruitt and Lee'),(486,'Austin Li','dbuchanan@gmail.com','Allen-Benjamin'),(487,'Mark Rodgers','jtran@johnson.biz','Chang-Reynolds'),(488,'Tony Harvey','qbarr@gmail.com','Chaney-Martin'),(489,'Robert Griffin','olsenmelanie@hotmail.com','Larson Ltd'),(490,'Donna Johnson','amy32@gmail.com','Hines-Leblanc'),(491,'Caleb Henry','lindsay51@garcia.com','Watson PLC'),(492,'Cheryl Thompson','greenleslie@murphy-smith.com','Gomez Group'),(493,'Andrew Moore','kimberly33@yahoo.com','Hughes-Rodriguez'),(494,'Nicole Richard','qpena@gmail.com','Morales, Brown and Mcclure'),(495,'Robert Soto','emily72@hotmail.com','Lopez and Sons'),(496,'Christopher Hall','santososcar@thomas.com','Mcintosh LLC'),(497,'Scott Jones','wweiss@brooks-harris.com','Brock, Galvan and Snyder'),(498,'Daniel Thompson','trevor06@moran-tapia.com','Martinez and Sons'),(499,'Jacqueline Pena','marshmichael@wilson.org','Gomez-Crawford'),(500,'Tiffany Cruz','brianbrewer@burch.info','Swanson LLC');
INSERT INTO "UserInterest" ("id","userId","topic") VALUES (1,1,'Jenkins'),(2,1,'Jupyter Notebook'),(3,1,'Swift'),(4,1,'Scrum'),(5,1,'Spark'),(6,1,'Kubeflow'),(7,1,'GraphQL'),(8,1,'CSS'),(9,1,'Java'),(10,1,'Go'),(11,1,'Openshift'),(12,1,'C++'),(13,1,'Data Encryption'),(14,2,'Nodejs'),(15,2,'Design Patterns'),(16,2,'Spark'),(17,2,'React'),(18,2,'HTML5'),(19,2,'Apache Beam'),(20,2,'GraphQL'),(21,2,'Concurrency'),(22,2,'Web Scraping'),(23,2,'Openshift'),(24,2,'AI'),(25,3,'Jenkins'),(26,3,'Kanban'),(27,3,'Jupyter Notebook'),(28,3,'Scrum'),(29,3,'Docker'),(30,3,'GraphQL'),(31,3,'Hadoop'),(32,3,'Java'),(33,3,'Openshift'),(34,3,'C++'),(35,3,'Data Encryption'),(36,4,'Kanban'),(37,4,'Nodejs'),(38,4,'Python'),(39,4,'Java'),(40,4,'Openshift'),(41,4,'Data Encryption'),(42,5,'Jenkins'),(43,5,'Kanban'),(44,5,'Jupyter Notebook'),(45,5,'Python'),(46,5,'Containers'),(47,5,'Go'),(48,5,'Event Streaming'),(49,5,'Hadoop'),(50,5,'Concurrency'),(51,6,'Tensorflow'),(52,6,'React'),(53,6,'GraphQL'),(54,6,'Go'),(55,6,'Event Streaming'),(56,6,'Scala'),(57,7,'Jenkins'),(58,7,'Kubernetes'),(59,7,'Scrum'),(60,7,'Devops'),(61,7,'CSS'),(62,7,'Java'),(63,7,'Event Streaming'),(64,7,'Web Scraping'),(65,8,'Go'),(66,9,'Hadoop'),(67,10,'Jenkins'),(68,10,'Nodejs'),(69,10,'Ansible'),(70,10,'React'),(71,10,'Quarkus'),(72,10,'GraphQL'),(73,10,'Hadoop'),(74,10,'Event Streaming'),(75,10,'Web Scraping'),(76,11,'Kanban'),(77,11,'Spark'),(78,11,'Kubeflow'),(79,12,'Rust'),(80,12,'Python'),(81,12,'Design Patterns'),(82,12,'Devops'),(83,12,'Java'),(84,12,'Openshift'),(85,12,'Web Scraping'),(86,13,'Swift'),(87,13,'Design Patterns'),(88,13,'Spark'),(89,13,'Kubeflow'),(90,13,'Apache Beam'),(91,13,'Go'),(92,14,'Nodejs'),(93,14,'Scrum'),(94,14,'Quarkus'),(95,14,'Web Scraping'),(96,14,'Openshift'),(97,15,'HTML5'),(98,15,'React'),(99,15,'Devops'),(100,15,'Docker'),(101,15,'Apache Beam'),(102,15,'Concurrency'),(103,15,'C++'),(104,16,'Python'),(105,16,'Ansible'),(106,16,'Spark'),(107,16,'Docker'),(108,16,'Quarkus'),(109,16,'Openshift'),(110,16,'Scala'),(111,17,'Jenkins'),(112,17,'Kanban'),(113,17,'Swift'),(114,17,'Containers'),(115,17,'Quarkus'),(116,17,'Hadoop'),(117,17,'Java'),(118,17,'Web Scraping'),(119,17,'C++'),(120,17,'AI'),(121,18,'Ansible'),(122,18,'Design Patterns'),(123,18,'React'),(124,18,'Kubeflow'),(125,18,'Apache Beam'),(126,18,'Hadoop'),(127,18,'Scala'),(128,18,'Concurrency'),(129,18,'Web Scraping'),(130,18,'Openshift'),(131,18,'Data Encryption'),(132,19,'Kanban'),(133,19,'Scrum'),(134,19,'Python'),(135,19,'Apache Beam'),(136,19,'Web Scraping'),(137,20,'Kubernetes'),(138,20,'Design Patterns'),(139,20,'Hadoop'),(140,20,'Openshift'),(141,20,'AI'),(142,21,'Rust'),(143,21,'Design Patterns'),(144,21,'Spark'),(145,21,'Docker'),(146,21,'Hadoop'),(147,21,'Go'),(148,21,'Concurrency'),(149,22,'Kanban'),(150,22,'Jupyter Notebook'),(151,22,'Rust'),(152,22,'Kubernetes'),(153,22,'Spark'),(154,22,'Containers'),(155,22,'Quarkus'),(156,22,'Go'),(157,22,'Web Scraping'),(158,22,'C++'),(159,22,'Openshift'),(160,22,'AI'),(161,23,'Jenkins'),(162,23,'Swift'),(163,23,'Scrum'),(164,23,'React'),(165,23,'Devops'),(166,23,'CSS'),(167,23,'Hadoop'),(168,23,'Java'),(169,23,'Web Scraping'),(170,23,'Data Encryption'),(171,24,'Jenkins'),(172,24,'Nodejs'),(173,24,'Kubernetes'),(174,24,'Scrum'),(175,24,'Python'),(176,24,'HTML5'),(177,24,'Kubeflow'),(178,24,'Apache Beam'),(179,24,'CSS'),(180,24,'Web Scraping'),(181,24,'C++'),(182,24,'AI'),(183,24,'Data Encryption'),(184,25,'Jenkins'),(185,25,'Scala'),(186,26,'Scrum'),(187,26,'Devops'),(188,26,'Kubeflow'),(189,26,'Docker'),(190,26,'Quarkus'),(191,26,'Web Scraping'),(192,27,'Swift'),(193,27,'Spark'),(194,27,'Devops'),(195,27,'Kubeflow'),(196,27,'Hadoop'),(197,27,'C++'),(198,27,'Data Encryption'),(199,28,'Tensorflow'),(200,28,'Jenkins'),(201,28,'Kubernetes'),(202,28,'Scrum'),(203,28,'Ansible'),(204,28,'Swift'),(205,28,'Spark'),(206,28,'Kubeflow'),(207,28,'Docker'),(208,28,'CSS'),(209,28,'GraphQL'),(210,28,'Scala'),(211,29,'Kanban'),(212,29,'Nodejs'),(213,29,'Rust'),(214,29,'Jupyter Notebook'),(215,29,'Scrum'),(216,29,'Ansible'),(217,29,'Spark'),(218,29,'React'),(219,29,'Kubeflow'),(220,29,'Docker'),(221,29,'CSS'),(222,29,'Event Streaming'),(223,29,'Concurrency'),(224,29,'C++'),(225,30,'Rust'),(226,30,'Kubernetes'),(227,30,'Design Patterns'),(228,30,'Kubeflow'),(229,30,'Docker'),(230,30,'Hadoop'),(231,30,'Web Scraping'),(232,30,'Openshift'),(233,31,'Openshift'),(234,31,'Web Scraping'),(235,31,'HTML5'),(236,31,'Jenkins'),(237,32,'HTML5'),(238,32,'Kubernetes'),(239,32,'Jupyter Notebook'),(240,33,'Tensorflow'),(241,33,'Jenkins'),(242,33,'Nodejs'),(243,33,'Swift'),(244,33,'Scrum'),(245,33,'Kubernetes'),(246,33,'Ansible'),(247,33,'HTML5'),(248,33,'Spark'),(249,33,'Apache Beam'),(250,33,'GraphQL'),(251,33,'Hadoop'),(252,33,'Java'),(253,33,'Concurrency'),(254,34,'CSS'),(255,34,'Event Streaming'),(256,34,'AI'),(257,35,'Rust'),(258,35,'Kubernetes'),(259,35,'Scrum'),(260,35,'Ansible'),(261,35,'Design Patterns'),(262,35,'HTML5'),(263,35,'Quarkus'),(264,35,'Apache Beam'),(265,35,'GraphQL'),(266,35,'Go'),(267,35,'Java'),(268,35,'CSS'),(269,36,'Tensorflow'),(270,36,'Jenkins'),(271,36,'Kubernetes'),(272,36,'Spark'),(273,36,'Devops'),(274,36,'GraphQL'),(275,36,'Java'),(276,36,'AI'),(277,36,'Data Encryption'),(278,37,'Tensorflow'),(279,37,'Kanban'),(280,37,'Nodejs'),(281,37,'Jupyter Notebook'),(282,37,'Design Patterns'),(283,37,'React'),(284,37,'Containers'),(285,37,'Docker'),(286,37,'Apache Beam'),(287,37,'Go'),(288,37,'Event Streaming'),(289,37,'Web Scraping'),(290,37,'C++'),(291,37,'Scala'),(292,38,'Kanban'),(293,38,'Rust'),(294,38,'Kubernetes'),(295,38,'Ansible'),(296,38,'Design Patterns'),(297,38,'HTML5'),(298,38,'Devops'),(299,38,'Apache Beam'),(300,38,'Quarkus'),(301,38,'GraphQL'),(302,38,'Hadoop'),(303,38,'CSS'),(304,38,'Concurrency'),(305,39,'Tensorflow'),(306,39,'Nodejs'),(307,39,'Rust'),(308,39,'Jupyter Notebook'),(309,39,'Scrum'),(310,39,'HTML5'),(311,39,'React'),(312,39,'Kubeflow'),(313,39,'CSS'),(314,39,'Go'),(315,39,'Hadoop'),(316,39,'Event Streaming'),(317,39,'Web Scraping'),(318,39,'Data Encryption'),(319,40,'Jupyter Notebook'),(320,40,'Nodejs'),(321,40,'Devops'),(322,40,'Containers'),(323,40,'Docker'),(324,40,'Apache Beam'),(325,40,'Go'),(326,40,'Openshift'),(327,40,'C++'),(328,41,'Jupyter Notebook'),(329,41,'Swift'),(330,41,'Devops'),(331,41,'Kubeflow'),(332,41,'Containers'),(333,41,'GraphQL'),(334,41,'Hadoop'),(335,41,'Event Streaming'),(336,41,'Concurrency'),(337,41,'Web Scraping'),(338,41,'Scala'),(339,42,'Kubernetes'),(340,42,'Java'),(341,42,'AI'),(342,43,'Kubernetes'),(343,43,'Ansible'),(344,43,'HTML5'),(345,43,'Devops'),(346,43,'Containers'),(347,43,'Kubeflow'),(348,43,'Quarkus'),(349,43,'Hadoop'),(350,43,'Java'),(351,43,'AI'),(352,43,'Data Encryption'),(353,44,'Java'),(354,44,'Event Streaming'),(355,44,'Devops'),(356,44,'Data Encryption'),(357,45,'Kanban'),(358,45,'Devops'),(359,45,'Docker'),(360,45,'CSS'),(361,45,'Go'),(362,45,'Concurrency'),(363,46,'Jupyter Notebook'),(364,46,'Kubernetes'),(365,46,'Scrum'),(366,46,'Swift'),(367,46,'React'),(368,46,'Apache Beam'),(369,46,'GraphQL'),(370,46,'Go'),(371,46,'Event Streaming'),(372,46,'CSS'),(373,46,'Openshift'),(374,46,'AI'),(375,46,'Data Encryption'),(376,47,'Jenkins'),(377,47,'CSS'),(378,47,'Spark'),(379,47,'Scrum'),(380,48,'Jenkins'),(381,48,'Kanban'),(382,48,'Kubernetes'),(383,48,'Scrum'),(384,48,'Python'),(385,48,'HTML5'),(386,48,'Devops'),(387,48,'Containers'),(388,48,'GraphQL'),(389,48,'Hadoop'),(390,48,'Openshift'),(391,48,'AI'),(392,49,'Scrum'),(393,49,'HTML5'),(394,49,'Quarkus'),(395,49,'CSS'),(396,49,'Openshift'),(397,49,'AI'),(398,50,'Jenkins'),(399,50,'Python'),(400,50,'Design Patterns'),(401,50,'Spark'),(402,50,'React'),(403,50,'GraphQL'),(404,50,'Hadoop'),(405,50,'Event Streaming'),(406,50,'Scala'),(407,51,'Nodejs'),(408,51,'Rust'),(409,51,'Kubernetes'),(410,51,'Concurrency'),(411,51,'Hadoop'),(412,51,'Openshift'),(413,51,'C++'),(414,51,'AI'),(415,51,'Data Encryption'),(416,52,'Tensorflow'),(417,52,'Jupyter Notebook'),(418,52,'Nodejs'),(419,52,'Kubernetes'),(420,52,'HTML5'),(421,52,'Concurrency'),(422,52,'Apache Beam'),(423,52,'CSS'),(424,52,'Hadoop'),(425,52,'GraphQL'),(426,52,'Openshift'),(427,53,'Jupyter Notebook'),(428,53,'Hadoop'),(429,54,'Tensorflow'),(430,54,'Kanban'),(431,54,'Jupyter Notebook'),(432,54,'Ansible'),(433,54,'Python'),(434,54,'Spark'),(435,54,'React'),(436,54,'Docker'),(437,54,'Apache Beam'),(438,54,'CSS'),(439,55,'Jenkins'),(440,55,'Kubernetes'),(441,55,'Scrum'),(442,55,'Design Patterns'),(443,55,'HTML5'),(444,55,'Devops'),(445,55,'Kubeflow'),(446,55,'Docker'),(447,55,'Go'),(448,55,'Event Streaming'),(449,55,'AI'),(450,56,'Concurrency'),(451,56,'Event Streaming'),(452,57,'Jupyter Notebook'),(453,57,'Python'),(454,57,'Containers'),(455,57,'Apache Beam'),(456,57,'Concurrency'),(457,57,'Scala'),(458,58,'Scrum'),(459,58,'Python'),(460,58,'Ansible'),(461,58,'Kubeflow'),(462,58,'Quarkus'),(463,58,'Java'),(464,58,'Web Scraping'),(465,58,'Data Encryption'),(466,59,'Kanban'),(467,59,'Scrum'),(468,59,'Python'),(469,59,'Spark'),(470,59,'Devops'),(471,59,'Kubeflow'),(472,59,'Docker'),(473,59,'Quarkus'),(474,59,'GraphQL'),(475,59,'Web Scraping'),(476,59,'AI'),(477,60,'Jenkins'),(478,60,'Kanban'),(479,60,'Nodejs'),(480,60,'Concurrency'),(481,60,'Spark'),(482,60,'Kubeflow'),(483,60,'Docker'),(484,60,'Quarkus'),(485,60,'CSS'),(486,60,'Hadoop'),(487,60,'GraphQL'),(488,60,'Web Scraping'),(489,60,'AI'),(490,61,'Tensorflow'),(491,61,'Jenkins'),(492,61,'Python'),(493,61,'Design Patterns'),(494,61,'Spark'),(495,61,'HTML5'),(496,61,'React'),(497,61,'Containers'),(498,61,'GraphQL'),(499,61,'Event Streaming'),(500,61,'C++'),(501,61,'AI'),(502,62,'Tensorflow'),(503,62,'Kanban'),(504,62,'Nodejs'),(505,62,'Python'),(506,62,'React'),(507,62,'Devops'),(508,62,'Kubeflow'),(509,62,'Docker'),(510,62,'Data Encryption'),(511,62,'Concurrency'),(512,62,'Scala'),(513,63,'Openshift'),(514,63,'Data Encryption'),(515,64,'Tensorflow'),(516,64,'Kanban'),(517,64,'Nodejs'),(518,64,'Rust'),(519,64,'Scrum'),(520,64,'Ansible'),(521,64,'Python'),(522,64,'Design Patterns'),(523,64,'Spark'),(524,64,'React'),(525,64,'Hadoop'),(526,64,'Go'),(527,65,'Tensorflow'),(528,65,'Rust'),(529,65,'Kubernetes'),(530,65,'Python'),(531,65,'Concurrency'),(532,65,'HTML5'),(533,65,'Containers'),(534,65,'GraphQL'),(535,65,'CSS'),(536,65,'Go'),(537,65,'Web Scraping'),(538,65,'C++'),(539,65,'Scala'),(540,66,'Jenkins'),(541,66,'Jupyter Notebook'),(542,66,'React'),(543,66,'Kubeflow'),(544,66,'Apache Beam'),(545,66,'Quarkus'),(546,66,'GraphQL'),(547,66,'CSS'),(548,66,'Scala'),(549,66,'Event Streaming'),(550,66,'Web Scraping'),(551,66,'C++'),(552,66,'Data Encryption'),(553,67,'Jupyter Notebook'),(554,67,'Nodejs'),(555,67,'Swift'),(556,67,'Scrum'),(557,67,'Python'),(558,67,'Design Patterns'),(559,67,'Kubeflow'),(560,67,'Quarkus'),(561,67,'CSS'),(562,67,'Hadoop'),(563,67,'Event Streaming'),(564,67,'Java'),(565,67,'Concurrency'),(566,67,'Web Scraping'),(567,67,'Scala'),(568,68,'Scrum'),(569,69,'Tensorflow'),(570,69,'Kanban'),(571,69,'Jupyter Notebook'),(572,69,'Swift'),(573,69,'Python'),(574,69,'Design Patterns'),(575,69,'HTML5'),(576,69,'Containers'),(577,69,'Hadoop'),(578,69,'Java'),(579,69,'Concurrency'),(580,69,'C++'),(581,69,'AI'),(582,69,'Scala'),(583,70,'Kanban'),(584,70,'Rust'),(585,70,'Swift'),(586,70,'Kubernetes'),(587,70,'Python'),(588,70,'Ansible'),(589,70,'Spark'),(590,70,'HTML5'),(591,70,'Containers'),(592,70,'CSS'),(593,70,'Go'),(594,70,'Event Streaming'),(595,70,'Openshift'),(596,71,'Tensorflow'),(597,71,'Nodejs'),(598,71,'Python'),(599,71,'Ansible'),(600,71,'HTML5'),(601,71,'React'),(602,71,'Quarkus'),(603,71,'Java'),(604,71,'C++'),(605,71,'Scala'),(606,72,'Jenkins'),(607,72,'Jupyter Notebook'),(608,72,'Rust'),(609,72,'Kubeflow'),(610,73,'Jenkins'),(611,73,'Jupyter Notebook'),(612,73,'Rust'),(613,73,'Swift'),(614,73,'Ansible'),(615,73,'Design Patterns'),(616,73,'React'),(617,73,'Kubeflow'),(618,73,'Docker'),(619,73,'Apache Beam'),(620,73,'Quarkus'),(621,73,'Event Streaming'),(622,73,'Openshift'),(623,74,'Quarkus'),(624,74,'Apache Beam'),(625,74,'Devops'),(626,74,'Tensorflow'),(627,75,'Rust'),(628,75,'Swift'),(629,75,'Data Encryption'),(630,76,'Jenkins'),(631,76,'Swift'),(632,76,'Scrum'),(633,76,'Python'),(634,76,'Docker'),(635,76,'Quarkus'),(636,76,'Hadoop'),(637,76,'Web Scraping'),(638,76,'C++'),(639,76,'Openshift'),(640,77,'Tensorflow'),(641,77,'Kanban'),(642,77,'Jupyter Notebook'),(643,77,'Nodejs'),(644,77,'Swift'),(645,77,'Scrum'),(646,77,'Concurrency'),(647,77,'React'),(648,77,'Kubeflow'),(649,77,'Containers'),(650,77,'Quarkus'),(651,77,'Openshift'),(652,77,'Web Scraping'),(653,77,'AI'),(654,78,'Kanban'),(655,78,'Kubernetes'),(656,78,'Scrum'),(657,78,'Ansible'),(658,78,'Python'),(659,78,'React'),(660,78,'Containers'),(661,78,'Docker'),(662,78,'Hadoop'),(663,78,'Event Streaming'),(664,78,'Go'),(665,78,'AI'),(666,79,'Jupyter Notebook'),(667,79,'Swift'),(668,79,'Scrum'),(669,79,'Design Patterns'),(670,79,'React'),(671,79,'Kubeflow'),(672,79,'Quarkus'),(673,79,'Go'),(674,79,'Web Scraping'),(675,79,'Data Encryption'),(676,80,'Jupyter Notebook'),(677,80,'Rust'),(678,80,'HTML5'),(679,80,'Docker'),(680,80,'Go'),(681,80,'Web Scraping'),(682,81,'Tensorflow'),(683,81,'Scrum'),(684,81,'Design Patterns'),(685,81,'Spark'),(686,81,'React'),(687,81,'Devops'),(688,81,'Apache Beam'),(689,81,'GraphQL'),(690,81,'Event Streaming'),(691,81,'Java'),(692,81,'Web Scraping'),(693,81,'AI'),(694,82,'Tensorflow'),(695,82,'Kanban'),(696,82,'Nodejs'),(697,82,'Scrum'),(698,82,'Python'),(699,82,'Ansible'),(700,82,'Spark'),(701,82,'Event Streaming'),(702,82,'AI'),(703,83,'Tensorflow'),(704,83,'Kanban'),(705,83,'Kubernetes'),(706,83,'Scrum'),(707,83,'Swift'),(708,83,'Python'),(709,83,'Quarkus'),(710,83,'CSS'),(711,83,'Go'),(712,83,'AI'),(713,84,'Tensorflow'),(714,84,'Kanban'),(715,84,'Nodejs'),(716,84,'Kubernetes'),(717,84,'Ansible'),(718,84,'React'),(719,84,'Kubeflow'),(720,84,'Docker'),(721,84,'Quarkus'),(722,84,'GraphQL'),(723,84,'Go'),(724,84,'Concurrency'),(725,84,'C++'),(726,85,'C++'),(727,85,'Spark'),(728,85,'Kubernetes'),(729,85,'HTML5'),(730,86,'Jenkins'),(731,86,'Kanban'),(732,86,'Jupyter Notebook'),(733,86,'Rust'),(734,86,'Ansible'),(735,86,'Python'),(736,86,'React'),(737,86,'Devops'),(738,86,'Apache Beam'),(739,86,'Event Streaming'),(740,86,'Web Scraping'),(741,86,'Scala'),(742,87,'Jupyter Notebook'),(743,87,'Scrum'),(744,87,'Ansible'),(745,87,'Spark'),(746,87,'Apache Beam'),(747,87,'GraphQL'),(748,87,'Hadoop'),(749,87,'Web Scraping'),(750,87,'AI'),(751,88,'Tensorflow'),(752,88,'Swift'),(753,88,'Ansible'),(754,88,'Spark'),(755,88,'React'),(756,88,'Data Encryption'),(757,89,'Jenkins'),(758,89,'Kanban'),(759,89,'Tensorflow'),(760,89,'Rust'),(761,89,'Scrum'),(762,89,'HTML5'),(763,89,'Spark'),(764,89,'Containers'),(765,89,'Event Streaming'),(766,89,'Web Scraping'),(767,89,'Scala'),(768,90,'C++'),(769,90,'Event Streaming'),(770,90,'Scrum'),(771,91,'Rust'),(772,91,'Python'),(773,91,'Ansible'),(774,91,'Design Patterns'),(775,91,'HTML5'),(776,91,'Containers'),(777,91,'CSS'),(778,91,'Scala'),(779,91,'Openshift'),(780,91,'AI'),(781,91,'Data Encryption'),(782,92,'C++'),(783,92,'Go'),(784,92,'Docker'),(785,93,'Openshift'),(786,93,'C++'),(787,93,'Kubernetes'),(788,93,'Swift'),(789,94,'Kanban'),(790,94,'Nodejs'),(791,94,'Rust'),(792,94,'Swift'),(793,94,'Jupyter Notebook'),(794,94,'Quarkus'),(795,94,'Hadoop'),(796,94,'Java'),(797,94,'Event Streaming'),(798,94,'Concurrency'),(799,94,'AI'),(800,95,'Tensorflow'),(801,95,'Kanban'),(802,95,'Nodejs'),(803,95,'Jupyter Notebook'),(804,95,'Kubernetes'),(805,95,'Ansible'),(806,95,'HTML5'),(807,95,'Docker'),(808,95,'GraphQL'),(809,95,'Event Streaming'),(810,95,'Openshift'),(811,95,'Scala'),(812,96,'Scala'),(813,96,'Containers'),(814,96,'Python'),(815,97,'Tensorflow'),(816,97,'Jenkins'),(817,97,'Ansible'),(818,97,'HTML5'),(819,97,'React'),(820,97,'Kubeflow'),(821,97,'Apache Beam'),(822,97,'Quarkus'),(823,97,'Hadoop'),(824,97,'Concurrency'),(825,97,'AI'),(826,98,'Kanban'),(827,98,'Jupyter Notebook'),(828,98,'Rust'),(829,98,'Ansible'),(830,98,'Design Patterns'),(831,98,'Python'),(832,98,'Data Encryption'),(833,98,'Quarkus'),(834,98,'AI'),(835,98,'Scala'),(836,99,'Tensorflow'),(837,99,'Jenkins'),(838,99,'Kanban'),(839,99,'Spark'),(840,99,'Hadoop'),(841,99,'Event Streaming'),(842,99,'C++'),(843,99,'AI'),(844,100,'Tensorflow'),(845,100,'Rust'),(846,100,'Design Patterns'),(847,100,'HTML5'),(848,100,'Quarkus'),(849,100,'CSS'),(850,100,'Go'),(851,100,'Java'),(852,100,'C++'),(853,100,'Data Encryption'),(854,101,'Kanban'),(855,101,'Spark'),(856,101,'HTML5'),(857,101,'Concurrency'),(858,101,'C++'),(859,101,'Scala'),(860,102,'Tensorflow'),(861,102,'Kanban'),(862,102,'Jenkins'),(863,102,'Python'),(864,102,'Design Patterns'),(865,102,'Devops'),(866,102,'Quarkus'),(867,102,'CSS'),(868,102,'Java'),(869,102,'Scala'),(870,102,'Event Streaming'),(871,102,'Data Encryption'),(872,103,'Tensorflow'),(873,103,'Nodejs'),(874,103,'Swift'),(875,103,'React'),(876,103,'Devops'),(877,103,'Containers'),(878,103,'Apache Beam'),(879,103,'Hadoop'),(880,103,'Concurrency'),(881,103,'Scala'),(882,104,'Tensorflow'),(883,104,'Kanban'),(884,104,'Rust'),(885,105,'Jenkins'),(886,105,'Swift'),(887,105,'Python'),(888,105,'Design Patterns'),(889,105,'Ansible'),(890,105,'Concurrency'),(891,105,'React'),(892,105,'Devops'),(893,105,'Kubeflow'),(894,105,'Docker'),(895,105,'Apache Beam'),(896,105,'Event Streaming'),(897,105,'Web Scraping'),(898,105,'Data Encryption'),(899,106,'Tensorflow'),(900,106,'Design Patterns'),(901,106,'HTML5'),(902,106,'Devops'),(903,106,'Kubeflow'),(904,106,'Apache Beam'),(905,106,'Event Streaming'),(906,106,'Concurrency'),(907,106,'AI'),(908,106,'Scala'),(909,107,'Tensorflow'),(910,107,'Nodejs'),(911,107,'Rust'),(912,107,'Kubernetes'),(913,107,'Swift'),(914,107,'Scrum'),(915,107,'GraphQL'),(916,107,'Openshift'),(917,107,'Scala'),(918,108,'Hadoop'),(919,108,'Go'),(920,109,'Rust'),(921,109,'Scrum'),(922,109,'Design Patterns'),(923,109,'Spark'),(924,109,'React'),(925,109,'Kubeflow'),(926,109,'Apache Beam'),(927,109,'Quarkus'),(928,109,'Go'),(929,109,'Web Scraping'),(930,109,'C++'),(931,109,'Scala'),(932,110,'Openshift'),(933,110,'GraphQL'),(934,110,'Python'),(935,111,'Tensorflow'),(936,111,'Kanban'),(937,111,'Jenkins'),(938,111,'Rust'),(939,111,'Ansible'),(940,111,'React'),(941,111,'Apache Beam'),(942,111,'CSS'),(943,111,'GraphQL'),(944,111,'Web Scraping'),(945,112,'Tensorflow'),(946,112,'Kubernetes'),(947,112,'Ansible'),(948,112,'Spark'),(949,112,'Devops'),(950,112,'Containers'),(951,112,'Go'),(952,112,'Java'),(953,112,'Web Scraping'),(954,112,'AI'),(955,113,'Jenkins'),(956,113,'Tensorflow'),(957,113,'Rust'),(958,113,'Kubernetes'),(959,113,'Scrum'),(960,113,'Kubeflow'),(961,113,'Hadoop'),(962,113,'Openshift'),(963,113,'Scala'),(964,114,'Tensorflow'),(965,114,'Scrum'),(966,114,'HTML5'),(967,114,'Kubeflow'),(968,114,'Apache Beam'),(969,114,'Hadoop'),(970,114,'Openshift'),(971,114,'C++'),(972,114,'AI'),(973,115,'Apache Beam'),(974,115,'C++'),(975,115,'GraphQL'),(976,116,'CSS'),(977,116,'Kubernetes'),(978,116,'AI'),(979,116,'Ansible'),(980,117,'Kubernetes'),(981,117,'React'),(982,117,'Docker'),(983,117,'Quarkus'),(984,117,'Java'),(985,118,'Jenkins'),(986,118,'Kubernetes'),(987,118,'Scrum'),(988,118,'Ansible'),(989,118,'Spark'),(990,118,'React'),(991,118,'Devops'),(992,118,'Apache Beam'),(993,118,'Hadoop'),(994,118,'C++'),(995,118,'AI'),(996,118,'Scala'),(997,119,'Tensorflow'),(998,119,'Kanban'),(999,119,'Swift'),(1000,119,'React'),(1001,119,'Devops'),(1002,119,'Kubeflow'),(1003,119,'Containers'),(1004,119,'Quarkus'),(1005,119,'Apache Beam'),(1006,119,'Hadoop'),(1007,119,'Java'),(1008,119,'Web Scraping'),(1009,120,'Rust'),(1010,120,'Swift'),(1011,120,'HTML5'),(1012,120,'React'),(1013,120,'Docker'),(1014,120,'Apache Beam'),(1015,120,'GraphQL'),(1016,120,'Go'),(1017,121,'Design Patterns'),(1018,121,'CSS'),(1019,121,'Rust'),(1020,122,'Jenkins'),(1021,122,'Kubernetes'),(1022,122,'Scrum'),(1023,122,'Ansible'),(1024,122,'Design Patterns'),(1025,122,'Devops'),(1026,122,'Docker'),(1027,122,'CSS'),(1028,122,'Concurrency'),(1029,122,'AI'),(1030,122,'Scala'),(1031,123,'Jupyter Notebook'),(1032,123,'Rust'),(1033,123,'Kubernetes'),(1034,123,'Scrum'),(1035,123,'Design Patterns'),(1036,123,'Kubeflow'),(1037,123,'Quarkus'),(1038,123,'Hadoop'),(1039,123,'Openshift'),(1040,123,'Scala'),(1041,124,'Data Encryption'),(1042,124,'GraphQL'),(1043,124,'React'),(1044,124,'Scala'),(1045,125,'Jenkins'),(1046,125,'Nodejs'),(1047,125,'Kubeflow'),(1048,125,'GraphQL'),(1049,125,'Hadoop'),(1050,125,'Scala'),(1051,126,'Jupyter Notebook'),(1052,126,'Nodejs'),(1053,126,'Rust'),(1054,126,'Scrum'),(1055,126,'Design Patterns'),(1056,126,'React'),(1057,126,'Hadoop'),(1058,126,'Java'),(1059,126,'Openshift'),(1060,126,'AI'),(1061,126,'Data Encryption'),(1062,127,'Tensorflow'),(1063,127,'Jupyter Notebook'),(1064,127,'Rust'),(1065,127,'Kubeflow'),(1066,127,'CSS'),(1067,128,'Jenkins'),(1068,128,'Swift'),(1069,128,'Spark'),(1070,128,'Containers'),(1071,128,'Apache Beam'),(1072,128,'Go'),(1073,128,'Hadoop'),(1074,128,'Web Scraping'),(1075,128,'C++'),(1076,128,'AI'),(1077,129,'HTML5'),(1078,129,'Docker'),(1079,129,'CSS'),(1080,129,'Go'),(1081,129,'Event Streaming'),(1082,130,'Apache Beam'),(1083,130,'Spark'),(1084,130,'Nodejs'),(1085,130,'Java'),(1086,131,'Kanban'),(1087,131,'Jupyter Notebook'),(1088,131,'Python'),(1089,131,'Design Patterns'),(1090,131,'Ansible'),(1091,131,'Concurrency'),(1092,131,'React'),(1093,131,'Containers'),(1094,131,'Kubeflow'),(1095,131,'Event Streaming'),(1096,131,'Openshift'),(1097,131,'Scala'),(1098,132,'Kanban'),(1099,132,'Rust'),(1100,132,'Scrum'),(1101,132,'HTML5'),(1102,132,'React'),(1103,132,'Containers'),(1104,132,'Apache Beam'),(1105,132,'GraphQL'),(1106,132,'Go'),(1107,132,'CSS'),(1108,132,'Event Streaming'),(1109,132,'Hadoop'),(1110,132,'AI'),(1111,133,'Jenkins'),(1112,133,'Jupyter Notebook'),(1113,133,'Ansible'),(1114,133,'Quarkus'),(1115,133,'Event Streaming'),(1116,133,'Web Scraping'),(1117,134,'Jenkins'),(1118,134,'Kanban'),(1119,134,'Rust'),(1120,134,'Swift'),(1121,134,'Kubernetes'),(1122,134,'Spark'),(1123,134,'React'),(1124,134,'Devops'),(1125,134,'CSS'),(1126,134,'Web Scraping'),(1127,134,'C++'),(1128,135,'Python'),(1129,135,'Design Patterns'),(1130,135,'React'),(1131,135,'Concurrency'),(1132,135,'Openshift'),(1133,135,'Data Encryption'),(1134,136,'Tensorflow'),(1135,136,'Kubernetes'),(1136,136,'Scrum'),(1137,136,'Python'),(1138,136,'HTML5'),(1139,136,'Web Scraping'),(1140,136,'Docker'),(1141,136,'CSS'),(1142,136,'Event Streaming'),(1143,136,'Concurrency'),(1144,136,'C++'),(1145,136,'Openshift'),(1146,136,'AI'),(1147,136,'Scala'),(1148,137,'HTML5'),(1149,137,'Docker'),(1150,138,'Tensorflow'),(1151,138,'Rust'),(1152,138,'Kubernetes'),(1153,138,'Python'),(1154,138,'Spark'),(1155,138,'Devops'),(1156,138,'Web Scraping'),(1157,138,'C++'),(1158,139,'Nodejs'),(1159,139,'Java'),(1160,139,'Docker'),(1161,139,'Data Encryption'),(1162,140,'Kanban'),(1163,140,'Jupyter Notebook'),(1164,140,'Python'),(1165,140,'Design Patterns'),(1166,140,'HTML5'),(1167,140,'Devops'),(1168,140,'Docker'),(1169,140,'Apache Beam'),(1170,140,'CSS'),(1171,141,'Kanban'),(1172,141,'Jupyter Notebook'),(1173,141,'Kubernetes'),(1174,141,'Python'),(1175,141,'Design Patterns'),(1176,141,'Spark'),(1177,141,'React'),(1178,141,'Containers'),(1179,141,'Docker'),(1180,141,'Quarkus'),(1181,141,'Concurrency'),(1182,141,'Data Encryption'),(1183,142,'Event Streaming'),(1184,142,'Kubernetes'),(1185,142,'Swift'),(1186,142,'Python'),(1187,143,'Jenkins'),(1188,143,'Ansible'),(1189,143,'Spark'),(1190,143,'Quarkus'),(1191,143,'Go'),(1192,143,'Java'),(1193,143,'C++'),(1194,143,'Scala'),(1195,144,'Rust'),(1196,144,'Kubernetes'),(1197,144,'Swift'),(1198,144,'Kubeflow'),(1199,144,'Containers'),(1200,144,'Docker'),(1201,144,'Go'),(1202,144,'Hadoop'),(1203,144,'AI'),(1204,145,'Go'),(1205,145,'Data Encryption'),(1206,146,'Jenkins'),(1207,146,'Tensorflow'),(1208,146,'Jupyter Notebook'),(1209,146,'Kubernetes'),(1210,146,'Swift'),(1211,146,'React'),(1212,146,'Containers'),(1213,146,'Docker'),(1214,147,'Tensorflow'),(1215,147,'Spark'),(1216,147,'React'),(1217,147,'Java'),(1218,147,'C++'),(1219,148,'Tensorflow'),(1220,148,'Jupyter Notebook'),(1221,148,'Rust'),(1222,148,'Kubernetes'),(1223,148,'Scrum'),(1224,148,'Python'),(1225,148,'Containers'),(1226,148,'Kubeflow'),(1227,148,'CSS'),(1228,148,'Event Streaming'),(1229,148,'Concurrency'),(1230,148,'AI'),(1231,149,'Jenkins'),(1232,149,'Rust'),(1233,149,'Scrum'),(1234,149,'React'),(1235,149,'Quarkus'),(1236,149,'GraphQL'),(1237,149,'Hadoop'),(1238,149,'Go'),(1239,149,'Java'),(1240,149,'Event Streaming'),(1241,149,'Data Encryption'),(1242,150,'Jenkins'),(1243,150,'Kanban'),(1244,150,'Rust'),(1245,150,'Swift'),(1246,150,'Python'),(1247,150,'HTML5'),(1248,150,'Spark'),(1249,150,'React'),(1250,150,'Containers'),(1251,150,'Quarkus'),(1252,150,'Apache Beam'),(1253,150,'Hadoop'),(1254,150,'Concurrency'),(1255,150,'C++'),(1256,151,'Jenkins'),(1257,151,'Kubernetes'),(1258,151,'Python'),(1259,151,'Containers'),(1260,151,'Docker'),(1261,151,'Quarkus'),(1262,151,'GraphQL'),(1263,151,'Event Streaming'),(1264,152,'Tensorflow'),(1265,152,'Spark'),(1266,152,'Docker'),(1267,153,'Tensorflow'),(1268,154,'Tensorflow'),(1269,154,'Jenkins'),(1270,154,'Nodejs'),(1271,154,'Rust'),(1272,154,'Ansible'),(1273,154,'Design Patterns'),(1274,154,'HTML5'),(1275,154,'Apache Beam'),(1276,154,'Hadoop'),(1277,154,'Data Encryption'),(1278,155,'Jenkins'),(1279,155,'Jupyter Notebook'),(1280,155,'Kubernetes'),(1281,155,'Scrum'),(1282,155,'Python'),(1283,155,'HTML5'),(1284,155,'Spark'),(1285,155,'Containers'),(1286,155,'Docker'),(1287,155,'Apache Beam'),(1288,155,'CSS'),(1289,155,'Go'),(1290,155,'Scala'),(1291,156,'Tensorflow'),(1292,156,'Rust'),(1293,156,'Kubernetes'),(1294,156,'HTML5'),(1295,156,'React'),(1296,156,'Quarkus'),(1297,156,'Concurrency'),(1298,156,'Data Encryption'),(1299,157,'Design Patterns'),(1300,157,'Devops'),(1301,157,'Apache Beam'),(1302,157,'C++'),(1303,157,'Scala'),(1304,158,'Jupyter Notebook'),(1305,158,'Nodejs'),(1306,158,'Kubernetes'),(1307,158,'Scrum'),(1308,158,'Python'),(1309,158,'Go'),(1310,158,'Event Streaming'),(1311,159,'Ansible'),(1312,160,'Kanban'),(1313,160,'Kubernetes'),(1314,160,'Scrum'),(1315,160,'Python'),(1316,160,'Containers'),(1317,160,'Kubeflow'),(1318,160,'GraphQL'),(1319,160,'Go'),(1320,160,'Java'),(1321,160,'Concurrency'),(1322,160,'Openshift'),(1323,161,'Tensorflow'),(1324,161,'Jupyter Notebook'),(1325,161,'Scrum'),(1326,161,'Python'),(1327,161,'Design Patterns'),(1328,161,'HTML5'),(1329,161,'React'),(1330,161,'Containers'),(1331,161,'CSS'),(1332,161,'Hadoop'),(1333,161,'AI'),(1334,162,'Jupyter Notebook'),(1335,162,'Rust'),(1336,162,'Swift'),(1337,162,'Design Patterns'),(1338,162,'Devops'),(1339,162,'Kubeflow'),(1340,162,'Docker'),(1341,162,'CSS'),(1342,162,'Go'),(1343,162,'Java'),(1344,162,'Openshift'),(1345,163,'Jenkins'),(1346,163,'Jupyter Notebook'),(1347,163,'Rust'),(1348,163,'Swift'),(1349,163,'Hadoop'),(1350,163,'Java'),(1351,163,'Event Streaming'),(1352,164,'Tensorflow'),(1353,164,'Rust'),(1354,164,'Devops'),(1355,164,'Containers'),(1356,164,'Apache Beam'),(1357,164,'GraphQL'),(1358,164,'Hadoop'),(1359,164,'Event Streaming'),(1360,164,'Web Scraping'),(1361,164,'Openshift'),(1362,164,'AI'),(1363,165,'Spark'),(1364,165,'React'),(1365,165,'Containers'),(1366,165,'Kubeflow'),(1367,165,'Scala'),(1368,166,'Tensorflow'),(1369,166,'Kanban'),(1370,166,'Nodejs'),(1371,166,'Design Patterns'),(1372,166,'Data Encryption'),(1373,167,'Jenkins'),(1374,167,'Swift'),(1375,167,'Design Patterns'),(1376,167,'HTML5'),(1377,167,'Devops'),(1378,167,'Containers'),(1379,167,'Docker'),(1380,167,'GraphQL'),(1381,167,'Hadoop'),(1382,167,'Java'),(1383,167,'Go'),(1384,167,'CSS'),(1385,167,'C++'),(1386,167,'AI'),(1387,168,'Apache Beam'),(1388,168,'Rust'),(1389,168,'AI'),(1390,169,'Jenkins'),(1391,169,'HTML5'),(1392,169,'Rust'),(1393,169,'Apache Beam'),(1394,170,'Nodejs'),(1395,170,'Scrum'),(1396,170,'Openshift'),(1397,170,'C++'),(1398,170,'Scala'),(1399,171,'Nodejs'),(1400,171,'Swift'),(1401,171,'Python'),(1402,171,'Ansible'),(1403,171,'Web Scraping'),(1404,171,'Kubeflow'),(1405,171,'Java'),(1406,171,'Concurrency'),(1407,171,'C++'),(1408,172,'GraphQL'),(1409,172,'Scala'),(1410,172,'Docker'),(1411,172,'Python'),(1412,173,'Kanban'),(1413,173,'Nodejs'),(1414,173,'Rust'),(1415,173,'Swift'),(1416,173,'Python'),(1417,173,'Ansible'),(1418,173,'HTML5'),(1419,173,'Kubeflow'),(1420,173,'Containers'),(1421,173,'Data Encryption'),(1422,173,'Apache Beam'),(1423,173,'Go'),(1424,173,'Java'),(1425,173,'Concurrency'),(1426,173,'Scala'),(1427,174,'Tensorflow'),(1428,175,'Kanban'),(1429,175,'Kubernetes'),(1430,175,'Spark'),(1431,175,'Devops'),(1432,175,'Containers'),(1433,175,'Kubeflow'),(1434,175,'Quarkus'),(1435,175,'CSS'),(1436,175,'GraphQL'),(1437,175,'Web Scraping'),(1438,176,'Kanban'),(1439,176,'Jupyter Notebook'),(1440,176,'Nodejs'),(1441,176,'Swift'),(1442,176,'Scrum'),(1443,176,'Python'),(1444,176,'Containers'),(1445,176,'Kubeflow'),(1446,176,'Java'),(1447,177,'Kubernetes'),(1448,177,'Scala'),(1449,178,'Design Patterns'),(1450,178,'React'),(1451,179,'Swift'),(1452,179,'Spark'),(1453,179,'HTML5'),(1454,179,'Containers'),(1455,179,'Quarkus'),(1456,179,'Event Streaming'),(1457,179,'Web Scraping'),(1458,179,'C++'),(1459,180,'Kanban'),(1460,180,'Swift'),(1461,180,'Python'),(1462,180,'Ansible'),(1463,180,'Spark'),(1464,180,'HTML5'),(1465,180,'React'),(1466,180,'Docker'),(1467,180,'GraphQL'),(1468,180,'Event Streaming'),(1469,180,'Concurrency'),(1470,180,'C++'),(1471,181,'Containers'),(1472,181,'Data Encryption'),(1473,181,'Quarkus'),(1474,181,'Go'),(1475,181,'Scala'),(1476,182,'Tensorflow'),(1477,182,'Jupyter Notebook'),(1478,182,'Rust'),(1479,182,'Swift'),(1480,182,'Scrum'),(1481,182,'Ansible'),(1482,182,'Design Patterns'),(1483,182,'Python'),(1484,182,'Spark'),(1485,182,'HTML5'),(1486,182,'Concurrency'),(1487,182,'Containers'),(1488,182,'Quarkus'),(1489,182,'Openshift'),(1490,182,'C++'),(1491,183,'Rust'),(1492,183,'Ansible'),(1493,183,'Python'),(1494,183,'Containers'),(1495,183,'Docker'),(1496,183,'Quarkus'),(1497,183,'Hadoop'),(1498,183,'Concurrency'),(1499,183,'Openshift'),(1500,183,'Data Encryption'),(1501,184,'Jenkins'),(1502,184,'Kanban'),(1503,184,'Nodejs'),(1504,184,'Jupyter Notebook'),(1505,184,'Swift'),(1506,184,'Scrum'),(1507,184,'Kubernetes'),(1508,184,'Apache Beam'),(1509,184,'GraphQL'),(1510,184,'CSS'),(1511,184,'Event Streaming'),(1512,184,'Web Scraping'),(1513,184,'C++'),(1514,184,'Scala'),(1515,185,'Apache Beam'),(1516,185,'Containers'),(1517,185,'Java'),(1518,185,'AI'),(1519,186,'Scrum'),(1520,186,'Spark'),(1521,186,'React'),(1522,186,'Containers'),(1523,186,'Docker'),(1524,186,'Data Encryption'),(1525,186,'CSS'),(1526,186,'Hadoop'),(1527,186,'Event Streaming'),(1528,186,'Concurrency'),(1529,186,'Scala'),(1530,187,'Kanban'),(1531,187,'Jupyter Notebook'),(1532,187,'HTML5'),(1533,187,'Spark'),(1534,187,'React'),(1535,187,'Kubeflow'),(1536,187,'Containers'),(1537,187,'Data Encryption'),(1538,187,'Quarkus'),(1539,187,'GraphQL'),(1540,187,'Hadoop'),(1541,187,'Java'),(1542,187,'Go'),(1543,187,'Event Streaming'),(1544,187,'Openshift'),(1545,187,'Scala'),(1546,188,'Kanban'),(1547,188,'Kubernetes'),(1548,188,'Ansible'),(1549,188,'HTML5'),(1550,188,'Devops'),(1551,188,'Data Encryption'),(1552,188,'Quarkus'),(1553,188,'CSS'),(1554,188,'GraphQL'),(1555,188,'Concurrency'),(1556,188,'C++'),(1557,188,'Scala'),(1558,189,'Kanban'),(1559,189,'Nodejs'),(1560,189,'Rust'),(1561,189,'Kubernetes'),(1562,189,'Python'),(1563,189,'HTML5'),(1564,189,'React'),(1565,189,'Devops'),(1566,189,'Containers'),(1567,189,'Docker'),(1568,189,'Spark'),(1569,189,'Quarkus'),(1570,189,'Apache Beam'),(1571,189,'Openshift'),(1572,189,'Data Encryption'),(1573,190,'Tensorflow'),(1574,190,'Jupyter Notebook'),(1575,190,'Kubernetes'),(1576,190,'Swift'),(1577,190,'HTML5'),(1578,190,'Containers'),(1579,190,'GraphQL'),(1580,190,'Web Scraping'),(1581,190,'Openshift'),(1582,190,'Scala'),(1583,191,'CSS'),(1584,191,'Hadoop'),(1585,191,'Concurrency'),(1586,191,'Web Scraping'),(1587,191,'AI'),(1588,192,'Spark'),(1589,192,'Kubeflow'),(1590,192,'Hadoop'),(1591,192,'Concurrency'),(1592,192,'C++'),(1593,192,'AI'),(1594,193,'Jenkins'),(1595,193,'Jupyter Notebook'),(1596,193,'Rust'),(1597,193,'Ansible'),(1598,193,'Spark'),(1599,193,'Containers'),(1600,193,'Openshift'),(1601,193,'Scala'),(1602,194,'Tensorflow'),(1603,194,'Spark'),(1604,194,'Apache Beam'),(1605,195,'HTML5'),(1606,195,'Spark'),(1607,195,'Kubeflow'),(1608,195,'Apache Beam'),(1609,195,'Openshift'),(1610,196,'Jenkins'),(1611,196,'Scrum'),(1612,196,'Ansible'),(1613,196,'Design Patterns'),(1614,196,'Docker'),(1615,196,'Apache Beam'),(1616,196,'Go'),(1617,196,'Java'),(1618,196,'Event Streaming'),(1619,196,'Openshift'),(1620,196,'Data Encryption'),(1621,197,'Jenkins'),(1622,197,'Rust'),(1623,197,'Kubernetes'),(1624,197,'Scrum'),(1625,197,'HTML5'),(1626,197,'React'),(1627,197,'Devops'),(1628,197,'Kubeflow'),(1629,197,'Quarkus'),(1630,197,'GraphQL'),(1631,197,'CSS'),(1632,197,'AI'),(1633,198,'Design Patterns'),(1634,198,'Spark'),(1635,199,'Tensorflow'),(1636,199,'Swift'),(1637,199,'Kubernetes'),(1638,199,'Python'),(1639,199,'Design Patterns'),(1640,199,'Ansible'),(1641,199,'HTML5'),(1642,199,'Web Scraping'),(1643,199,'Apache Beam'),(1644,199,'Java'),(1645,199,'Openshift'),(1646,199,'C++'),(1647,199,'AI'),(1648,199,'Data Encryption'),(1649,200,'Jenkins'),(1650,200,'Nodejs'),(1651,200,'HTML5'),(1652,200,'Spark'),(1653,200,'Devops'),(1654,200,'Concurrency'),(1655,200,'Docker'),(1656,200,'React'),(1657,200,'Quarkus'),(1658,200,'Go'),(1659,200,'Web Scraping'),(1660,200,'Data Encryption'),(1661,201,'Nodejs'),(1662,201,'Rust'),(1663,201,'Kubernetes'),(1664,201,'Ansible'),(1665,201,'Web Scraping'),(1666,201,'Scala'),(1667,202,'Nodejs'),(1668,202,'Python'),(1669,202,'Design Patterns'),(1670,202,'Spark'),(1671,202,'HTML5'),(1672,202,'Devops'),(1673,202,'React'),(1674,202,'Apache Beam'),(1675,202,'Web Scraping'),(1676,202,'C++'),(1677,202,'Openshift'),(1678,202,'AI'),(1679,202,'Scala'),(1680,203,'Nodejs'),(1681,203,'Kubernetes'),(1682,203,'Swift'),(1683,203,'Kubeflow'),(1684,203,'Docker'),(1685,203,'Event Streaming'),(1686,204,'Tensorflow'),(1687,204,'Jupyter Notebook'),(1688,204,'Nodejs'),(1689,204,'Swift'),(1690,204,'Python'),(1691,204,'Spark'),(1692,204,'HTML5'),(1693,204,'React'),(1694,204,'GraphQL'),(1695,204,'CSS'),(1696,204,'Java'),(1697,204,'Openshift'),(1698,204,'Scala'),(1699,205,'Jupyter Notebook'),(1700,205,'Ansible'),(1701,205,'GraphQL'),(1702,205,'Event Streaming'),(1703,205,'Java'),(1704,205,'C++'),(1705,206,'Tensorflow'),(1706,206,'Kanban'),(1707,206,'Python'),(1708,206,'Design Patterns'),(1709,206,'HTML5'),(1710,206,'React'),(1711,206,'Quarkus'),(1712,206,'CSS'),(1713,206,'Hadoop'),(1714,206,'Openshift'),(1715,206,'Web Scraping'),(1716,206,'AI'),(1717,206,'Scala'),(1718,207,'Rust'),(1719,207,'Kubernetes'),(1720,207,'Design Patterns'),(1721,207,'Spark'),(1722,207,'React'),(1723,207,'Devops'),(1724,207,'Containers'),(1725,207,'CSS'),(1726,207,'Hadoop'),(1727,207,'Java'),(1728,207,'Scala'),(1729,208,'Rust'),(1730,208,'Swift'),(1731,208,'React'),(1732,208,'Containers'),(1733,208,'Kubeflow'),(1734,208,'CSS'),(1735,209,'C++'),(1736,209,'HTML5'),(1737,209,'React'),(1738,209,'Hadoop'),(1739,210,'Jupyter Notebook'),(1740,210,'Kubernetes'),(1741,210,'Ansible'),(1742,210,'CSS'),(1743,210,'Web Scraping'),(1744,211,'Jupyter Notebook'),(1745,211,'Spark'),(1746,211,'HTML5'),(1747,211,'Devops'),(1748,211,'Quarkus'),(1749,211,'Go'),(1750,211,'Java'),(1751,211,'C++'),(1752,212,'Jenkins'),(1753,212,'Nodejs'),(1754,212,'Rust'),(1755,212,'Swift'),(1756,212,'HTML5'),(1757,212,'Kubeflow'),(1758,212,'Quarkus'),(1759,212,'GraphQL'),(1760,212,'Scala'),(1761,213,'Event Streaming'),(1762,214,'Jenkins'),(1763,214,'React'),(1764,214,'Containers'),(1765,214,'Quarkus'),(1766,214,'Java'),(1767,214,'Data Encryption'),(1768,215,'Nodejs'),(1769,215,'Scrum'),(1770,215,'HTML5'),(1771,215,'Kubeflow'),(1772,215,'Containers'),(1773,215,'Go'),(1774,215,'C++'),(1775,215,'Scala'),(1776,216,'Jupyter Notebook'),(1777,216,'Rust'),(1778,216,'Scrum'),(1779,216,'Design Patterns'),(1780,216,'Docker'),(1781,216,'Quarkus'),(1782,217,'Nodejs'),(1783,217,'Rust'),(1784,217,'Spark'),(1785,217,'Devops'),(1786,217,'Kubeflow'),(1787,217,'Containers'),(1788,217,'Apache Beam'),(1789,217,'Hadoop'),(1790,217,'Java'),(1791,217,'Concurrency'),(1792,217,'Web Scraping'),(1793,218,'Jupyter Notebook'),(1794,218,'GraphQL'),(1795,218,'Docker'),(1796,219,'Design Patterns'),(1797,219,'Openshift'),(1798,219,'Nodejs'),(1799,219,'Docker'),(1800,220,'Spark'),(1801,221,'Jupyter Notebook'),(1802,221,'Rust'),(1803,221,'Kubernetes'),(1804,221,'Ansible'),(1805,221,'Spark'),(1806,221,'Concurrency'),(1807,221,'Kubeflow'),(1808,221,'Containers'),(1809,221,'Docker'),(1810,221,'Apache Beam'),(1811,221,'Web Scraping'),(1812,221,'Scala'),(1813,222,'Tensorflow'),(1814,223,'Jenkins'),(1815,223,'Kanban'),(1816,223,'Tensorflow'),(1817,223,'Scrum'),(1818,223,'Ansible'),(1819,223,'C++'),(1820,224,'Tensorflow'),(1821,224,'Jupyter Notebook'),(1822,224,'Rust'),(1823,224,'Kubernetes'),(1824,224,'Swift'),(1825,224,'Python'),(1826,224,'Spark'),(1827,224,'Containers'),(1828,224,'Docker'),(1829,224,'Kubeflow'),(1830,224,'Quarkus'),(1831,224,'Event Streaming'),(1832,224,'C++'),(1833,224,'Data Encryption'),(1834,225,'Kanban'),(1835,225,'Nodejs'),(1836,225,'Swift'),(1837,225,'Kubernetes'),(1838,225,'Ansible'),(1839,225,'Design Patterns'),(1840,225,'React'),(1841,225,'Devops'),(1842,225,'Quarkus'),(1843,225,'Concurrency'),(1844,225,'Scala'),(1845,226,'Jupyter Notebook'),(1846,226,'Rust'),(1847,226,'Kubernetes'),(1848,226,'Ansible'),(1849,226,'Spark'),(1850,226,'HTML5'),(1851,226,'Docker'),(1852,226,'AI'),(1853,227,'Jenkins'),(1854,227,'Kanban'),(1855,227,'Rust'),(1856,227,'Python'),(1857,227,'HTML5'),(1858,227,'Kubeflow'),(1859,227,'Apache Beam'),(1860,227,'Hadoop'),(1861,227,'Java'),(1862,227,'Scala'),(1863,227,'C++'),(1864,227,'Data Encryption'),(1865,228,'Jenkins'),(1866,228,'C++'),(1867,228,'Kubernetes'),(1868,229,'Jenkins'),(1869,229,'Kanban'),(1870,229,'Swift'),(1871,229,'Python'),(1872,229,'Design Patterns'),(1873,229,'HTML5'),(1874,229,'Docker'),(1875,229,'GraphQL'),(1876,229,'Event Streaming'),(1877,229,'Openshift'),(1878,229,'Data Encryption'),(1879,230,'Tensorflow'),(1880,230,'Jupyter Notebook'),(1881,230,'Nodejs'),(1882,230,'Rust'),(1883,230,'Design Patterns'),(1884,230,'React'),(1885,230,'Devops'),(1886,230,'Docker'),(1887,230,'Go'),(1888,230,'Event Streaming'),(1889,230,'Scala'),(1890,231,'Tensorflow'),(1891,231,'Jenkins'),(1892,231,'Kubernetes'),(1893,231,'Spark'),(1894,231,'HTML5'),(1895,231,'Concurrency'),(1896,231,'Kubeflow'),(1897,231,'CSS'),(1898,231,'GraphQL'),(1899,231,'Event Streaming'),(1900,231,'Openshift'),(1901,231,'Web Scraping'),(1902,231,'AI'),(1903,231,'Data Encryption'),(1904,232,'Rust'),(1905,232,'Ansible'),(1906,232,'Devops'),(1907,232,'Kubeflow'),(1908,232,'Apache Beam'),(1909,232,'Web Scraping'),(1910,233,'Python'),(1911,233,'Design Patterns'),(1912,233,'Spark'),(1913,233,'Apache Beam'),(1914,233,'Concurrency'),(1915,234,'Spark'),(1916,234,'Nodejs'),(1917,234,'Devops'),(1918,235,'Web Scraping'),(1919,235,'CSS'),(1920,235,'Kubernetes'),(1921,235,'Apache Beam'),(1922,236,'Jupyter Notebook'),(1923,236,'Design Patterns'),(1924,236,'GraphQL'),(1925,236,'Hadoop'),(1926,236,'Event Streaming'),(1927,236,'C++'),(1928,236,'Data Encryption'),(1929,237,'Tensorflow'),(1930,237,'Kubernetes'),(1931,237,'Python'),(1932,237,'Concurrency'),(1933,237,'Web Scraping'),(1934,237,'CSS'),(1935,237,'Event Streaming'),(1936,237,'Openshift'),(1937,237,'C++'),(1938,237,'Scala'),(1939,238,'Jenkins'),(1940,238,'Tensorflow'),(1941,238,'Scrum'),(1942,238,'Spark'),(1943,238,'HTML5'),(1944,238,'Containers'),(1945,238,'Go'),(1946,238,'Event Streaming'),(1947,238,'Concurrency'),(1948,239,'Ansible'),(1949,239,'Kubeflow'),(1950,239,'CSS'),(1951,239,'Go'),(1952,239,'AI'),(1953,239,'Scala'),(1954,240,'Kanban'),(1955,240,'Rust'),(1956,240,'Swift'),(1957,240,'React'),(1958,240,'Devops'),(1959,240,'Kubeflow'),(1960,240,'Docker'),(1961,240,'Apache Beam'),(1962,240,'CSS'),(1963,240,'Go'),(1964,240,'Event Streaming'),(1965,240,'Openshift'),(1966,240,'AI'),(1967,240,'Scala'),(1968,241,'Nodejs'),(1969,241,'Rust'),(1970,241,'Swift'),(1971,241,'Kubeflow'),(1972,241,'Event Streaming'),(1973,241,'Openshift'),(1974,241,'AI'),(1975,242,'Kanban'),(1976,242,'Nodejs'),(1977,242,'Jupyter Notebook'),(1978,242,'Scrum'),(1979,242,'Spark'),(1980,242,'Quarkus'),(1981,242,'CSS'),(1982,242,'Hadoop'),(1983,242,'Go'),(1984,242,'Concurrency'),(1985,242,'C++'),(1986,242,'Scala'),(1987,243,'Tensorflow'),(1988,243,'Jenkins'),(1989,243,'Jupyter Notebook'),(1990,243,'Python'),(1991,243,'Ansible'),(1992,243,'Apache Beam'),(1993,243,'Hadoop'),(1994,243,'Go'),(1995,244,'Jupyter Notebook'),(1996,244,'Scrum'),(1997,244,'Design Patterns'),(1998,244,'Devops'),(1999,244,'Docker'),(2000,244,'CSS'),(2001,244,'Java'),(2002,244,'Concurrency'),(2003,245,'Kanban'),(2004,245,'Jupyter Notebook'),(2005,245,'Scrum'),(2006,245,'Spark'),(2007,245,'Event Streaming'),(2008,245,'Web Scraping'),(2009,245,'Scala'),(2010,246,'Scrum'),(2011,246,'HTML5'),(2012,246,'Kubeflow'),(2013,246,'Java'),(2014,246,'Concurrency'),(2015,247,'Jenkins'),(2016,247,'Kanban'),(2017,247,'Tensorflow'),(2018,247,'Swift'),(2019,247,'Scrum'),(2020,247,'Ansible'),(2021,247,'Python'),(2022,247,'Devops'),(2023,247,'Kubeflow'),(2024,247,'CSS'),(2025,247,'GraphQL'),(2026,247,'Event Streaming'),(2027,247,'Concurrency'),(2028,247,'Data Encryption'),(2029,248,'Kanban'),(2030,248,'Containers'),(2031,248,'Go'),(2032,248,'Event Streaming'),(2033,248,'AI'),(2034,249,'Kanban'),(2035,249,'Swift'),(2036,249,'Data Encryption'),(2037,250,'Jenkins'),(2038,250,'Jupyter Notebook'),(2039,250,'Scrum'),(2040,250,'Python'),(2041,250,'Design Patterns'),(2042,250,'Containers'),(2043,250,'Apache Beam'),(2044,250,'Event Streaming'),(2045,250,'C++'),(2046,250,'Scala'),(2047,251,'Jenkins'),(2048,251,'React'),(2049,251,'Apache Beam'),(2050,251,'GraphQL'),(2051,251,'Hadoop'),(2052,251,'Event Streaming'),(2053,251,'Java'),(2054,251,'Openshift'),(2055,251,'C++'),(2056,252,'Tensorflow'),(2057,252,'Kubernetes'),(2058,252,'Kubeflow'),(2059,252,'Containers'),(2060,252,'Docker'),(2061,252,'CSS'),(2062,253,'Design Patterns'),(2063,253,'GraphQL'),(2064,253,'Hadoop'),(2065,254,'Concurrency'),(2066,254,'React'),(2067,254,'Docker'),(2068,254,'GraphQL'),(2069,254,'Web Scraping'),(2070,255,'Tensorflow'),(2071,255,'Jupyter Notebook'),(2072,255,'Kubernetes'),(2073,255,'Swift'),(2074,255,'HTML5'),(2075,255,'React'),(2076,255,'Concurrency'),(2077,255,'Docker'),(2078,255,'Hadoop'),(2079,255,'Web Scraping'),(2080,256,'Kanban'),(2081,256,'Nodejs'),(2082,256,'Rust'),(2083,256,'Kubernetes'),(2084,256,'Ansible'),(2085,256,'Design Patterns'),(2086,256,'Spark'),(2087,256,'HTML5'),(2088,256,'Containers'),(2089,256,'Docker'),(2090,256,'Kubeflow'),(2091,256,'GraphQL'),(2092,256,'Java'),(2093,256,'AI'),(2094,257,'Kubernetes'),(2095,257,'Scrum'),(2096,257,'Python'),(2097,257,'Ansible'),(2098,257,'React'),(2099,257,'Docker'),(2100,257,'Quarkus'),(2101,257,'GraphQL'),(2102,257,'Hadoop'),(2103,257,'Event Streaming'),(2104,257,'Java'),(2105,257,'Web Scraping'),(2106,257,'AI'),(2107,258,'Go'),(2108,258,'Swift'),(2109,259,'C++'),(2110,260,'Tensorflow'),(2111,260,'HTML5'),(2112,260,'Devops'),(2113,260,'Docker'),(2114,261,'Jenkins'),(2115,261,'Jupyter Notebook'),(2116,261,'Scrum'),(2117,261,'Ansible'),(2118,261,'HTML5'),(2119,261,'Devops'),(2120,261,'Docker'),(2121,261,'Apache Beam'),(2122,261,'CSS'),(2123,261,'Event Streaming'),(2124,261,'Openshift'),(2125,261,'Data Encryption'),(2126,262,'Jenkins'),(2127,262,'CSS'),(2128,262,'Java'),(2129,263,'Openshift'),(2130,263,'Jupyter Notebook'),(2131,263,'Scrum'),(2132,263,'Data Encryption'),(2133,264,'Kanban'),(2134,264,'Swift'),(2135,264,'Scrum'),(2136,264,'Ansible'),(2137,264,'Design Patterns'),(2138,264,'Kubernetes'),(2139,264,'Quarkus'),(2140,264,'Java'),(2141,265,'Rust'),(2142,265,'Kubernetes'),(2143,265,'Scrum'),(2144,265,'Ansible'),(2145,265,'HTML5'),(2146,265,'Devops'),(2147,265,'Containers'),(2148,265,'Docker'),(2149,265,'Quarkus'),(2150,265,'Java'),(2151,265,'Concurrency'),(2152,265,'Scala'),(2153,266,'Kanban'),(2154,266,'Nodejs'),(2155,266,'Scrum'),(2156,266,'HTML5'),(2157,266,'React'),(2158,266,'Concurrency'),(2159,266,'GraphQL'),(2160,266,'Openshift'),(2161,266,'Scala'),(2162,267,'Jenkins'),(2163,267,'Python'),(2164,267,'React'),(2165,267,'Quarkus'),(2166,267,'Apache Beam'),(2167,267,'Event Streaming'),(2168,267,'Openshift'),(2169,267,'Web Scraping'),(2170,268,'Design Patterns'),(2171,268,'Openshift'),(2172,268,'Spark'),(2173,268,'Jenkins'),(2174,269,'Tensorflow'),(2175,269,'Jupyter Notebook'),(2176,269,'Kubernetes'),(2177,269,'Scrum'),(2178,269,'Quarkus'),(2179,269,'CSS'),(2180,269,'Hadoop'),(2181,269,'Go'),(2182,269,'Web Scraping'),(2183,269,'C++'),(2184,269,'AI'),(2185,269,'Scala'),(2186,270,'Tensorflow'),(2187,270,'Swift'),(2188,270,'Ansible'),(2189,270,'Devops'),(2190,270,'CSS'),(2191,270,'Go'),(2192,270,'Java'),(2193,270,'Event Streaming'),(2194,270,'GraphQL'),(2195,271,'Jenkins'),(2196,271,'Kanban'),(2197,271,'Swift'),(2198,271,'Devops'),(2199,271,'Kubeflow'),(2200,271,'Apache Beam'),(2201,271,'Java'),(2202,271,'C++'),(2203,271,'Scala'),(2204,272,'GraphQL'),(2205,272,'Java'),(2206,272,'Python'),(2207,273,'Tensorflow'),(2208,273,'Swift'),(2209,273,'Scrum'),(2210,273,'Design Patterns'),(2211,273,'Concurrency'),(2212,273,'Kubeflow'),(2213,273,'Docker'),(2214,273,'GraphQL'),(2215,273,'Java'),(2216,273,'Web Scraping'),(2217,273,'AI'),(2218,274,'Jenkins'),(2219,274,'Tensorflow'),(2220,274,'Swift'),(2221,274,'Scrum'),(2222,274,'Containers'),(2223,274,'Hadoop'),(2224,274,'AI'),(2225,274,'Scala'),(2226,275,'Jenkins'),(2227,275,'Kubernetes'),(2228,275,'Python'),(2229,275,'HTML5'),(2230,275,'React'),(2231,275,'GraphQL'),(2232,275,'Go'),(2233,275,'Concurrency'),(2234,275,'AI'),(2235,276,'Tensorflow'),(2236,277,'Jenkins'),(2237,277,'Kubeflow'),(2238,278,'Jenkins'),(2239,278,'Nodejs'),(2240,278,'Rust'),(2241,278,'Jupyter Notebook'),(2242,278,'Design Patterns'),(2243,278,'Docker'),(2244,278,'Apache Beam'),(2245,278,'Quarkus'),(2246,278,'CSS'),(2247,278,'Java'),(2248,278,'C++'),(2249,279,'Go'),(2250,279,'Scala'),(2251,279,'Docker'),(2252,280,'Kubernetes'),(2253,280,'Swift'),(2254,280,'Spark'),(2255,280,'GraphQL'),(2256,280,'Hadoop'),(2257,280,'C++'),(2258,281,'Design Patterns'),(2259,281,'Rust'),(2260,282,'Tensorflow'),(2261,282,'Kanban'),(2262,282,'Nodejs'),(2263,282,'React'),(2264,282,'Docker'),(2265,282,'Hadoop'),(2266,282,'Java'),(2267,282,'Event Streaming'),(2268,282,'Concurrency'),(2269,282,'Data Encryption'),(2270,283,'Quarkus'),(2271,283,'Kanban'),(2272,283,'Go'),(2273,283,'Containers'),(2274,284,'Nodejs'),(2275,284,'Jupyter Notebook'),(2276,284,'Python'),(2277,284,'Ansible'),(2278,284,'Devops'),(2279,284,'Quarkus'),(2280,284,'GraphQL'),(2281,284,'Go'),(2282,284,'Hadoop'),(2283,284,'C++'),(2284,285,'CSS'),(2285,285,'Nodejs'),(2286,285,'React'),(2287,286,'Nodejs'),(2288,286,'Rust'),(2289,286,'Spark'),(2290,286,'Concurrency'),(2291,286,'Devops'),(2292,286,'Kubeflow'),(2293,286,'Containers'),(2294,286,'HTML5'),(2295,286,'Quarkus'),(2296,286,'Apache Beam'),(2297,286,'CSS'),(2298,286,'Hadoop'),(2299,286,'Java'),(2300,286,'Openshift'),(2301,287,'Swift'),(2302,287,'CSS'),(2303,287,'Java'),(2304,287,'Concurrency'),(2305,287,'AI'),(2306,287,'Scala'),(2307,288,'Concurrency'),(2308,288,'CSS'),(2309,288,'React'),(2310,288,'Kubeflow'),(2311,289,'Jenkins'),(2312,289,'Jupyter Notebook'),(2313,289,'Swift'),(2314,289,'Kubernetes'),(2315,289,'Ansible'),(2316,289,'Spark'),(2317,289,'HTML5'),(2318,289,'Devops'),(2319,289,'Kubeflow'),(2320,289,'Hadoop'),(2321,289,'Scala'),(2322,289,'Web Scraping'),(2323,289,'AI'),(2324,289,'Data Encryption'),(2325,290,'Rust'),(2326,290,'Spark'),(2327,290,'React'),(2328,290,'Quarkus'),(2329,290,'CSS'),(2330,290,'Go'),(2331,290,'Web Scraping'),(2332,291,'Jenkins'),(2333,291,'Kanban'),(2334,291,'Nodejs'),(2335,291,'Design Patterns'),(2336,291,'Containers'),(2337,291,'Kubeflow'),(2338,291,'Apache Beam'),(2339,291,'CSS'),(2340,291,'GraphQL'),(2341,291,'Event Streaming'),(2342,291,'Web Scraping'),(2343,291,'AI'),(2344,292,'Rust'),(2345,292,'Spark'),(2346,292,'Quarkus'),(2347,292,'Concurrency'),(2348,292,'Data Encryption'),(2349,293,'Scala'),(2350,294,'Jenkins'),(2351,294,'Tensorflow'),(2352,294,'Design Patterns'),(2353,294,'HTML5'),(2354,294,'Spark'),(2355,294,'Kubeflow'),(2356,294,'Docker'),(2357,294,'Containers'),(2358,294,'Quarkus'),(2359,294,'GraphQL'),(2360,294,'Event Streaming'),(2361,294,'Openshift'),(2362,295,'Openshift'),(2363,295,'GraphQL'),(2364,295,'Event Streaming'),(2365,296,'Design Patterns'),(2366,296,'Tensorflow'),(2367,296,'Spark'),(2368,296,'Kubeflow'),(2369,297,'Nodejs'),(2370,297,'Concurrency'),(2371,297,'CSS'),(2372,297,'Openshift'),(2373,297,'Data Encryption'),(2374,298,'Nodejs'),(2375,299,'Kanban'),(2376,299,'Nodejs'),(2377,299,'Jupyter Notebook'),(2378,299,'Swift'),(2379,299,'Scrum'),(2380,299,'Rust'),(2381,299,'Design Patterns'),(2382,299,'Kubernetes'),(2383,299,'CSS'),(2384,299,'Go'),(2385,299,'Web Scraping'),(2386,299,'AI'),(2387,300,'Tensorflow'),(2388,300,'Jenkins'),(2389,300,'Nodejs'),(2390,300,'Scrum'),(2391,300,'Ansible'),(2392,300,'Docker'),(2393,300,'Hadoop'),(2394,300,'C++'),(2395,301,'Apache Beam'),(2396,301,'Hadoop'),(2397,301,'Rust'),(2398,302,'Scrum'),(2399,302,'Python'),(2400,302,'Devops'),(2401,302,'Go'),(2402,302,'Web Scraping'),(2403,302,'C++'),(2404,302,'Openshift'),(2405,302,'Data Encryption'),(2406,303,'Jupyter Notebook'),(2407,303,'Hadoop'),(2408,304,'Jupyter Notebook'),(2409,304,'Ansible'),(2410,304,'Kubeflow'),(2411,304,'Quarkus'),(2412,304,'Event Streaming'),(2413,304,'Java'),(2414,305,'Ansible'),(2415,305,'Design Patterns'),(2416,305,'Spark'),(2417,305,'HTML5'),(2418,305,'Quarkus'),(2419,305,'CSS'),(2420,305,'Java'),(2421,305,'Concurrency'),(2422,305,'C++'),(2423,306,'Design Patterns'),(2424,306,'Openshift'),(2425,306,'Web Scraping'),(2426,306,'Ansible'),(2427,307,'Quarkus'),(2428,307,'Jupyter Notebook'),(2429,307,'Swift'),(2430,307,'Kubeflow'),(2431,308,'Java'),(2432,308,'Scrum'),(2433,309,'Tensorflow'),(2434,309,'Jenkins'),(2435,309,'Nodejs'),(2436,309,'Jupyter Notebook'),(2437,309,'Python'),(2438,309,'Spark'),(2439,309,'Scala'),(2440,309,'Openshift'),(2441,309,'C++'),(2442,309,'AI'),(2443,309,'Data Encryption'),(2444,310,'Nodejs'),(2445,310,'React'),(2446,310,'Data Encryption'),(2447,310,'GraphQL'),(2448,310,'Hadoop'),(2449,310,'Scala'),(2450,311,'Jenkins'),(2451,311,'Nodejs'),(2452,311,'Jupyter Notebook'),(2453,311,'Kubernetes'),(2454,311,'Python'),(2455,311,'Spark'),(2456,311,'React'),(2457,311,'Kubeflow'),(2458,311,'GraphQL'),(2459,311,'Event Streaming'),(2460,311,'Openshift'),(2461,311,'Web Scraping'),(2462,311,'Scala'),(2463,312,'Jupyter Notebook'),(2464,312,'Python'),(2465,312,'HTML5'),(2466,312,'GraphQL'),(2467,312,'Openshift'),(2468,312,'C++'),(2469,312,'AI'),(2470,313,'Tensorflow'),(2471,313,'Jenkins'),(2472,313,'Python'),(2473,313,'Ansible'),(2474,313,'Design Patterns'),(2475,313,'Spark'),(2476,313,'Containers'),(2477,313,'Apache Beam'),(2478,313,'GraphQL'),(2479,313,'Java'),(2480,313,'Data Encryption'),(2481,314,'Quarkus'),(2482,314,'Openshift'),(2483,314,'Kubernetes'),(2484,315,'Jupyter Notebook'),(2485,316,'Jupyter Notebook'),(2486,316,'Scrum'),(2487,316,'Ansible'),(2488,316,'React'),(2489,316,'Devops'),(2490,316,'Kubeflow'),(2491,316,'Data Encryption'),(2492,316,'Scala'),(2493,317,'Tensorflow'),(2494,317,'Kubernetes'),(2495,317,'Swift'),(2496,317,'Design Patterns'),(2497,317,'HTML5'),(2498,317,'Spark'),(2499,317,'Quarkus'),(2500,317,'Event Streaming'),(2501,317,'Openshift'),(2502,317,'C++'),(2503,317,'AI'),(2504,317,'Data Encryption'),(2505,318,'Jenkins'),(2506,318,'Jupyter Notebook'),(2507,318,'Nodejs'),(2508,318,'Python'),(2509,318,'Containers'),(2510,318,'Kubeflow'),(2511,318,'Concurrency'),(2512,319,'Tensorflow'),(2513,319,'Hadoop'),(2514,319,'Docker'),(2515,320,'CSS'),(2516,321,'Kanban'),(2517,321,'Kubeflow'),(2518,321,'CSS'),(2519,321,'Hadoop'),(2520,321,'Event Streaming'),(2521,321,'Data Encryption'),(2522,322,'Jenkins'),(2523,322,'Nodejs'),(2524,322,'Spark'),(2525,322,'React'),(2526,322,'AI'),(2527,322,'Scala'),(2528,323,'Jupyter Notebook'),(2529,323,'Rust'),(2530,323,'Design Patterns'),(2531,323,'Spark'),(2532,323,'Devops'),(2533,323,'Quarkus'),(2534,323,'Go'),(2535,323,'Web Scraping'),(2536,324,'Tensorflow'),(2537,324,'Jupyter Notebook'),(2538,324,'Nodejs'),(2539,324,'Ansible'),(2540,324,'Design Patterns'),(2541,324,'HTML5'),(2542,324,'Kubeflow'),(2543,324,'Docker'),(2544,324,'CSS'),(2545,324,'Hadoop'),(2546,324,'Go'),(2547,324,'Java'),(2548,324,'Event Streaming'),(2549,324,'Web Scraping'),(2550,324,'Openshift'),(2551,325,'Jenkins'),(2552,325,'Jupyter Notebook'),(2553,325,'Rust'),(2554,325,'Ansible'),(2555,325,'React'),(2556,325,'Data Encryption'),(2557,325,'AI'),(2558,325,'Scala'),(2559,326,'Jenkins'),(2560,326,'Tensorflow'),(2561,326,'Swift'),(2562,326,'Scrum'),(2563,326,'Kubernetes'),(2564,326,'HTML5'),(2565,326,'Spark'),(2566,326,'Kubeflow'),(2567,326,'Containers'),(2568,326,'Data Encryption'),(2569,326,'Quarkus'),(2570,326,'CSS'),(2571,326,'Go'),(2572,326,'Event Streaming'),(2573,326,'Openshift'),(2574,326,'Scala'),(2575,327,'Kanban'),(2576,327,'Scrum'),(2577,327,'Apache Beam'),(2578,327,'Java'),(2579,327,'Scala'),(2580,328,'Concurrency'),(2581,328,'Web Scraping'),(2582,328,'HTML5'),(2583,328,'Scrum'),(2584,329,'Jupyter Notebook'),(2585,330,'Tensorflow'),(2586,330,'Jupyter Notebook'),(2587,330,'Kubernetes'),(2588,330,'Scrum'),(2589,330,'Containers'),(2590,330,'Kubeflow'),(2591,330,'Hadoop'),(2592,331,'Kanban'),(2593,331,'Jupyter Notebook'),(2594,331,'Kubernetes'),(2595,331,'Swift'),(2596,331,'Design Patterns'),(2597,331,'HTML5'),(2598,331,'Spark'),(2599,331,'Containers'),(2600,331,'Docker'),(2601,331,'Kubeflow'),(2602,331,'Hadoop'),(2603,331,'Concurrency'),(2604,331,'Data Encryption'),(2605,332,'Nodejs'),(2606,332,'Rust'),(2607,332,'Jupyter Notebook'),(2608,332,'Swift'),(2609,332,'Python'),(2610,332,'Design Patterns'),(2611,332,'Kubernetes'),(2612,332,'React'),(2613,332,'Kubeflow'),(2614,332,'Quarkus'),(2615,332,'Go'),(2616,332,'Java'),(2617,333,'Kanban'),(2618,333,'Kubernetes'),(2619,333,'Scrum'),(2620,333,'Swift'),(2621,333,'Design Patterns'),(2622,333,'React'),(2623,333,'Containers'),(2624,333,'Docker'),(2625,333,'CSS'),(2626,333,'Go'),(2627,333,'Openshift'),(2628,333,'C++'),(2629,334,'Tensorflow'),(2630,334,'Jenkins'),(2631,334,'Nodejs'),(2632,334,'Kubernetes'),(2633,334,'Scrum'),(2634,334,'Python'),(2635,334,'Containers'),(2636,334,'Kubeflow'),(2637,334,'Apache Beam'),(2638,334,'GraphQL'),(2639,334,'Go'),(2640,334,'AI'),(2641,334,'Data Encryption'),(2642,335,'Nodejs'),(2643,335,'Spark'),(2644,335,'Quarkus'),(2645,335,'Java'),(2646,335,'Event Streaming'),(2647,335,'Web Scraping'),(2648,335,'AI'),(2649,335,'Scala'),(2650,336,'Jenkins'),(2651,336,'Concurrency'),(2652,336,'Containers'),(2653,336,'CSS'),(2654,336,'Openshift'),(2655,337,'GraphQL'),(2656,337,'Nodejs'),(2657,337,'AI'),(2658,338,'Quarkus'),(2659,338,'Kubernetes'),(2660,338,'AI'),(2661,338,'Python'),(2662,339,'Concurrency'),(2663,339,'Containers'),(2664,339,'Docker'),(2665,339,'Hadoop'),(2666,339,'Go'),(2667,339,'Web Scraping'),(2668,340,'Python'),(2669,340,'Ansible'),(2670,340,'HTML5'),(2671,340,'Kubeflow'),(2672,340,'Java'),(2673,341,'Nodejs'),(2674,341,'Swift'),(2675,341,'HTML5'),(2676,341,'React'),(2677,341,'Devops'),(2678,341,'Spark'),(2679,341,'Quarkus'),(2680,341,'Go'),(2681,341,'Java'),(2682,341,'Hadoop'),(2683,341,'Web Scraping'),(2684,342,'Jenkins'),(2685,342,'Ansible'),(2686,342,'Containers'),(2687,342,'Kubeflow'),(2688,342,'Quarkus'),(2689,342,'Go'),(2690,342,'Event Streaming'),(2691,342,'AI'),(2692,343,'Rust'),(2693,343,'Swift'),(2694,343,'Scrum'),(2695,343,'Python'),(2696,343,'HTML5'),(2697,343,'Containers'),(2698,343,'Go'),(2699,343,'Hadoop'),(2700,343,'Concurrency'),(2701,343,'Openshift'),(2702,344,'Jupyter Notebook'),(2703,344,'Rust'),(2704,344,'Kubernetes'),(2705,344,'Ansible'),(2706,344,'Containers'),(2707,344,'Docker'),(2708,344,'CSS'),(2709,344,'Web Scraping'),(2710,344,'C++'),(2711,344,'Openshift'),(2712,344,'AI'),(2713,344,'Scala'),(2714,345,'Scrum'),(2715,346,'Docker'),(2716,347,'Tensorflow'),(2717,347,'Kanban'),(2718,347,'Kubernetes'),(2719,347,'Python'),(2720,347,'Ansible'),(2721,347,'Kubeflow'),(2722,347,'Apache Beam'),(2723,348,'Quarkus'),(2724,348,'Jupyter Notebook'),(2725,348,'Containers'),(2726,349,'CSS'),(2727,349,'Hadoop'),(2728,350,'Tensorflow'),(2729,350,'Jenkins'),(2730,350,'Rust'),(2731,350,'Kubernetes'),(2732,350,'Python'),(2733,350,'Spark'),(2734,350,'Web Scraping'),(2735,350,'Quarkus'),(2736,350,'Apache Beam'),(2737,350,'CSS'),(2738,350,'Event Streaming'),(2739,350,'Openshift'),(2740,350,'C++'),(2741,350,'AI'),(2742,351,'Tensorflow'),(2743,351,'Kanban'),(2744,351,'Swift'),(2745,351,'Design Patterns'),(2746,351,'Spark'),(2747,351,'React'),(2748,351,'Kubeflow'),(2749,351,'CSS'),(2750,352,'Scrum'),(2751,353,'Jenkins'),(2752,353,'Scrum'),(2753,353,'Design Patterns'),(2754,353,'Kubeflow'),(2755,353,'GraphQL'),(2756,353,'Java'),(2757,354,'Jenkins'),(2758,354,'Nodejs'),(2759,354,'Ansible'),(2760,354,'Concurrency'),(2761,354,'Spark'),(2762,354,'Containers'),(2763,354,'Quarkus'),(2764,354,'CSS'),(2765,354,'Java'),(2766,354,'Web Scraping'),(2767,354,'AI'),(2768,354,'Scala'),(2769,355,'Tensorflow'),(2770,355,'Rust'),(2771,355,'Ansible'),(2772,355,'HTML5'),(2773,355,'React'),(2774,355,'Kubeflow'),(2775,355,'Docker'),(2776,355,'Quarkus'),(2777,355,'Hadoop'),(2778,355,'Concurrency'),(2779,355,'C++'),(2780,355,'Data Encryption'),(2781,356,'Tensorflow'),(2782,356,'Kanban'),(2783,356,'Jupyter Notebook'),(2784,356,'Jenkins'),(2785,356,'Nodejs'),(2786,356,'Ansible'),(2787,356,'HTML5'),(2788,356,'React'),(2789,356,'Devops'),(2790,356,'Docker'),(2791,356,'Go'),(2792,356,'Event Streaming'),(2793,356,'Openshift'),(2794,356,'C++'),(2795,357,'Jenkins'),(2796,357,'Rust'),(2797,357,'React'),(2798,357,'Containers'),(2799,357,'Docker'),(2800,357,'Kubeflow'),(2801,358,'Jenkins'),(2802,358,'Rust'),(2803,358,'Design Patterns'),(2804,358,'Concurrency'),(2805,358,'React'),(2806,358,'Devops'),(2807,358,'Containers'),(2808,358,'Kubeflow'),(2809,358,'CSS'),(2810,358,'Go'),(2811,358,'Event Streaming'),(2812,358,'Openshift'),(2813,358,'AI'),(2814,358,'Data Encryption'),(2815,359,'Jenkins'),(2816,359,'Swift'),(2817,359,'Spark'),(2818,359,'Concurrency'),(2819,359,'Java'),(2820,359,'Openshift'),(2821,359,'C++'),(2822,360,'Tensorflow'),(2823,360,'Jenkins'),(2824,360,'Web Scraping'),(2825,360,'Containers'),(2826,360,'Quarkus'),(2827,360,'Concurrency'),(2828,360,'C++'),(2829,361,'Jenkins'),(2830,361,'Kanban'),(2831,361,'Rust'),(2832,361,'Kubernetes'),(2833,361,'Python'),(2834,361,'Ansible'),(2835,361,'Spark'),(2836,361,'React'),(2837,361,'Kubeflow'),(2838,361,'Docker'),(2839,361,'Quarkus'),(2840,361,'CSS'),(2841,361,'Hadoop'),(2842,361,'GraphQL'),(2843,361,'Openshift'),(2844,361,'Data Encryption'),(2845,362,'Jenkins'),(2846,362,'Nodejs'),(2847,362,'Rust'),(2848,362,'Kubernetes'),(2849,362,'Swift'),(2850,362,'HTML5'),(2851,362,'Kubeflow'),(2852,362,'Docker'),(2853,362,'Quarkus'),(2854,362,'CSS'),(2855,362,'Go'),(2856,362,'Hadoop'),(2857,362,'AI'),(2858,363,'Concurrency'),(2859,363,'Go'),(2860,363,'Kubernetes'),(2861,363,'Scala'),(2862,364,'Tensorflow'),(2863,364,'HTML5'),(2864,364,'Devops'),(2865,364,'Containers'),(2866,364,'Apache Beam'),(2867,364,'CSS'),(2868,364,'Go'),(2869,364,'Data Encryption'),(2870,365,'Nodejs'),(2871,365,'Concurrency'),(2872,365,'Spark'),(2873,365,'Containers'),(2874,365,'Web Scraping'),(2875,366,'Kanban'),(2876,367,'Jenkins'),(2877,367,'Kanban'),(2878,367,'Nodejs'),(2879,367,'Swift'),(2880,367,'Scrum'),(2881,367,'Ansible'),(2882,367,'Design Patterns'),(2883,367,'Web Scraping'),(2884,367,'C++'),(2885,367,'AI'),(2886,367,'Data Encryption'),(2887,368,'Jenkins'),(2888,368,'Nodejs'),(2889,368,'Rust'),(2890,368,'Kubernetes'),(2891,368,'Swift'),(2892,368,'Jupyter Notebook'),(2893,368,'GraphQL'),(2894,368,'AI'),(2895,368,'Data Encryption'),(2896,369,'Tensorflow'),(2897,369,'Kanban'),(2898,369,'Nodejs'),(2899,369,'Jenkins'),(2900,369,'Kubernetes'),(2901,369,'Python'),(2902,369,'Spark'),(2903,369,'React'),(2904,369,'Apache Beam'),(2905,369,'Hadoop'),(2906,369,'Java'),(2907,369,'Concurrency'),(2908,369,'Openshift'),(2909,369,'AI'),(2910,370,'Tensorflow'),(2911,370,'Nodejs'),(2912,370,'Rust'),(2913,370,'Kubernetes'),(2914,370,'Apache Beam'),(2915,370,'Hadoop'),(2916,371,'Jupyter Notebook'),(2917,371,'Kubernetes'),(2918,371,'Ansible'),(2919,372,'Go'),(2920,372,'Event Streaming'),(2921,372,'Python'),(2922,373,'Jenkins'),(2923,373,'Tensorflow'),(2924,373,'Design Patterns'),(2925,373,'Spark'),(2926,373,'Apache Beam'),(2927,373,'GraphQL'),(2928,373,'Hadoop'),(2929,373,'Event Streaming'),(2930,373,'Openshift'),(2931,374,'Web Scraping'),(2932,375,'Swift'),(2933,375,'Python'),(2934,375,'Spark'),(2935,375,'Kubeflow'),(2936,375,'Openshift'),(2937,375,'C++'),(2938,376,'Apache Beam'),(2939,376,'Kanban'),(2940,376,'Nodejs'),(2941,376,'Containers'),(2942,377,'Tensorflow'),(2943,377,'Nodejs'),(2944,377,'Kubernetes'),(2945,377,'Scrum'),(2946,377,'Python'),(2947,377,'Design Patterns'),(2948,377,'Swift'),(2949,377,'HTML5'),(2950,377,'React'),(2951,377,'Kubeflow'),(2952,377,'CSS'),(2953,377,'Scala'),(2954,377,'Openshift'),(2955,377,'AI'),(2956,377,'Data Encryption'),(2957,378,'Tensorflow'),(2958,378,'Nodejs'),(2959,378,'Rust'),(2960,378,'Apache Beam'),(2961,378,'Event Streaming'),(2962,379,'Kanban'),(2963,379,'Nodejs'),(2964,379,'Kubernetes'),(2965,379,'Swift'),(2966,379,'Ansible'),(2967,379,'Python'),(2968,379,'Spark'),(2969,379,'Devops'),(2970,379,'Containers'),(2971,379,'CSS'),(2972,379,'GraphQL'),(2973,379,'Event Streaming'),(2974,379,'Java'),(2975,379,'Web Scraping'),(2976,379,'C++'),(2977,379,'Data Encryption'),(2978,380,'Swift'),(2979,381,'Scrum'),(2980,381,'Python'),(2981,381,'Ansible'),(2982,381,'Spark'),(2983,381,'Concurrency'),(2984,381,'Devops'),(2985,381,'Containers'),(2986,381,'Quarkus'),(2987,381,'Scala'),(2988,381,'Web Scraping'),(2989,381,'Data Encryption'),(2990,382,'Quarkus'),(2991,382,'Apache Beam'),(2992,382,'CSS'),(2993,382,'GraphQL'),(2994,383,'Kanban'),(2995,383,'CSS'),(2996,384,'Jenkins'),(2997,384,'Swift'),(2998,384,'Ansible'),(2999,384,'Kubeflow'),(3000,384,'Apache Beam'),(3001,384,'GraphQL'),(3002,384,'Event Streaming'),(3003,384,'Java'),(3004,384,'Concurrency'),(3005,384,'C++'),(3006,384,'Openshift'),(3007,384,'Data Encryption'),(3008,385,'Spark'),(3009,385,'Devops'),(3010,385,'Event Streaming'),(3011,385,'Openshift'),(3012,385,'AI'),(3013,386,'Tensorflow'),(3014,386,'Kubernetes'),(3015,386,'Ansible'),(3016,386,'Python'),(3017,386,'Spark'),(3018,386,'Containers'),(3019,386,'GraphQL'),(3020,386,'Hadoop'),(3021,387,'Nodejs'),(3022,387,'Rust'),(3023,387,'Scrum'),(3024,387,'Design Patterns'),(3025,387,'HTML5'),(3026,387,'React'),(3027,387,'Docker'),(3028,387,'Event Streaming'),(3029,387,'Web Scraping'),(3030,388,'Jenkins'),(3031,388,'Ansible'),(3032,388,'Devops'),(3033,388,'Hadoop'),(3034,388,'Go'),(3035,388,'Event Streaming'),(3036,388,'Java'),(3037,388,'Web Scraping'),(3038,388,'C++'),(3039,389,'Tensorflow'),(3040,389,'C++'),(3041,389,'Rust'),(3042,389,'Swift'),(3043,389,'Scrum'),(3044,389,'Design Patterns'),(3045,389,'Containers'),(3046,389,'Quarkus'),(3047,389,'CSS'),(3048,389,'Go'),(3049,389,'Concurrency'),(3050,389,'Web Scraping'),(3051,389,'Openshift'),(3052,389,'Data Encryption'),(3053,390,'Jupyter Notebook'),(3054,390,'Rust'),(3055,390,'Nodejs'),(3056,390,'Python'),(3057,390,'Design Patterns'),(3058,390,'Devops'),(3059,390,'Docker'),(3060,390,'Apache Beam'),(3061,390,'GraphQL'),(3062,390,'Java'),(3063,390,'Data Encryption'),(3064,391,'Kanban'),(3065,391,'Jupyter Notebook'),(3066,391,'Rust'),(3067,391,'Kubernetes'),(3068,391,'Ansible'),(3069,391,'Kubeflow'),(3070,391,'Docker'),(3071,391,'CSS'),(3072,391,'Go'),(3073,391,'Hadoop'),(3074,391,'Web Scraping'),(3075,391,'C++'),(3076,391,'Openshift'),(3077,392,'Jenkins'),(3078,392,'Swift'),(3079,392,'Python'),(3080,392,'Ansible'),(3081,392,'GraphQL'),(3082,392,'Go'),(3083,392,'Hadoop'),(3084,392,'Event Streaming'),(3085,392,'Java'),(3086,392,'Concurrency'),(3087,392,'AI'),(3088,393,'Tensorflow'),(3089,394,'Jenkins'),(3090,395,'Kanban'),(3091,395,'Swift'),(3092,395,'Python'),(3093,395,'HTML5'),(3094,395,'Devops'),(3095,395,'Kubeflow'),(3096,395,'Docker'),(3097,395,'Apache Beam'),(3098,395,'CSS'),(3099,395,'Java'),(3100,396,'Tensorflow'),(3101,396,'React'),(3102,396,'Devops'),(3103,396,'Quarkus'),(3104,396,'Hadoop'),(3105,396,'Concurrency'),(3106,397,'Nodejs'),(3107,397,'Kubernetes'),(3108,397,'Python'),(3109,397,'Design Patterns'),(3110,397,'React'),(3111,397,'Devops'),(3112,397,'Kubeflow'),(3113,397,'GraphQL'),(3114,397,'Hadoop'),(3115,397,'Event Streaming'),(3116,397,'Openshift'),(3117,398,'Tensorflow'),(3118,398,'Kanban'),(3119,398,'Nodejs'),(3120,398,'Jenkins'),(3121,398,'Swift'),(3122,398,'Ansible'),(3123,398,'Design Patterns'),(3124,398,'Devops'),(3125,398,'Docker'),(3126,398,'Hadoop'),(3127,398,'Go'),(3128,398,'Concurrency'),(3129,398,'C++'),(3130,398,'AI'),(3131,399,'C++'),(3132,399,'Jupyter Notebook'),(3133,399,'Event Streaming'),(3134,399,'Devops'),(3135,400,'Tensorflow'),(3136,400,'Jupyter Notebook'),(3137,400,'Spark'),(3138,400,'Kubeflow'),(3139,400,'Apache Beam'),(3140,400,'CSS'),(3141,400,'Java'),(3142,400,'Event Streaming'),(3143,400,'C++'),(3144,401,'Kubernetes'),(3145,401,'Design Patterns'),(3146,401,'HTML5'),(3147,401,'React'),(3148,401,'Quarkus'),(3149,401,'Go'),(3150,402,'Nodejs'),(3151,402,'HTML5'),(3152,402,'Apache Beam'),(3153,402,'AI'),(3154,402,'Data Encryption'),(3155,403,'Kubernetes'),(3156,403,'Ansible'),(3157,403,'Spark'),(3158,403,'Concurrency'),(3159,403,'HTML5'),(3160,403,'Docker'),(3161,403,'Hadoop'),(3162,403,'Event Streaming'),(3163,403,'Web Scraping'),(3164,403,'AI'),(3165,404,'Swift'),(3166,404,'React'),(3167,404,'Devops'),(3168,404,'Kubeflow'),(3169,404,'Apache Beam'),(3170,404,'CSS'),(3171,404,'Go'),(3172,404,'Event Streaming'),(3173,404,'Data Encryption'),(3174,405,'Nodejs'),(3175,405,'Spark'),(3176,405,'React'),(3177,405,'Hadoop'),(3178,405,'Concurrency'),(3179,405,'Openshift'),(3180,405,'Data Encryption'),(3181,406,'Tensorflow'),(3182,406,'Kubernetes'),(3183,406,'Scrum'),(3184,406,'Ansible'),(3185,406,'HTML5'),(3186,406,'React'),(3187,406,'Containers'),(3188,406,'Quarkus'),(3189,406,'Openshift'),(3190,407,'Devops'),(3191,407,'Containers'),(3192,407,'Kubeflow'),(3193,407,'Docker'),(3194,407,'GraphQL'),(3195,407,'Event Streaming'),(3196,407,'C++'),(3197,408,'Jenkins'),(3198,408,'Kanban'),(3199,408,'Tensorflow'),(3200,408,'Nodejs'),(3201,408,'Spark'),(3202,408,'Containers'),(3203,408,'CSS'),(3204,408,'Go'),(3205,408,'GraphQL'),(3206,408,'Java'),(3207,408,'Openshift'),(3208,408,'Web Scraping'),(3209,409,'Apache Beam'),(3210,409,'GraphQL'),(3211,409,'Nodejs'),(3212,410,'Kubernetes'),(3213,410,'Python'),(3214,410,'React'),(3215,410,'Devops'),(3216,410,'Containers'),(3217,410,'Hadoop'),(3218,410,'Event Streaming'),(3219,410,'Go'),(3220,410,'Web Scraping'),(3221,410,'Openshift'),(3222,410,'AI'),(3223,410,'Scala'),(3224,411,'Nodejs'),(3225,411,'Rust'),(3226,411,'Swift'),(3227,411,'Python'),(3228,411,'Design Patterns'),(3229,411,'Spark'),(3230,411,'Devops'),(3231,411,'Docker'),(3232,411,'Quarkus'),(3233,411,'Web Scraping'),(3234,411,'C++'),(3235,412,'Kanban'),(3236,412,'AI'),(3237,412,'Python'),(3238,413,'Tensorflow'),(3239,413,'Kanban'),(3240,413,'Jupyter Notebook'),(3241,413,'Scrum'),(3242,413,'Python'),(3243,413,'Go'),(3244,413,'Web Scraping'),(3245,413,'C++'),(3246,413,'Openshift'),(3247,413,'Data Encryption'),(3248,414,'Nodejs'),(3249,414,'Swift'),(3250,414,'Ansible'),(3251,414,'Design Patterns'),(3252,414,'Spark'),(3253,414,'Devops'),(3254,414,'Containers'),(3255,414,'Openshift'),(3256,414,'AI'),(3257,414,'Scala'),(3258,415,'Tensorflow'),(3259,415,'Containers'),(3260,416,'Jenkins'),(3261,416,'Kanban'),(3262,416,'Kubernetes'),(3263,416,'Scrum'),(3264,416,'Ansible'),(3265,416,'Design Patterns'),(3266,416,'HTML5'),(3267,416,'Docker'),(3268,416,'Apache Beam'),(3269,416,'Hadoop'),(3270,416,'Go'),(3271,416,'Concurrency'),(3272,416,'AI'),(3273,417,'Jupyter Notebook'),(3274,417,'Kubernetes'),(3275,417,'Containers'),(3276,417,'Kubeflow'),(3277,417,'Go'),(3278,417,'Scala'),(3279,418,'Jenkins'),(3280,418,'Tensorflow'),(3281,418,'Swift'),(3282,418,'Scrum'),(3283,418,'Spark'),(3284,418,'HTML5'),(3285,418,'Devops'),(3286,418,'Kubeflow'),(3287,418,'Docker'),(3288,418,'Containers'),(3289,418,'GraphQL'),(3290,418,'Web Scraping'),(3291,418,'AI'),(3292,419,'Kanban'),(3293,419,'Nodejs'),(3294,419,'Rust'),(3295,419,'Event Streaming'),(3296,419,'Web Scraping'),(3297,419,'C++'),(3298,419,'Data Encryption'),(3299,420,'Nodejs'),(3300,420,'Design Patterns'),(3301,420,'React'),(3302,420,'Kubeflow'),(3303,420,'Hadoop'),(3304,420,'C++'),(3305,420,'Data Encryption'),(3306,421,'Concurrency'),(3307,421,'Hadoop'),(3308,422,'Kanban'),(3309,422,'Kubernetes'),(3310,422,'React'),(3311,422,'Devops'),(3312,422,'Kubeflow'),(3313,422,'CSS'),(3314,422,'GraphQL'),(3315,422,'Event Streaming'),(3316,422,'Web Scraping'),(3317,422,'C++'),(3318,422,'AI'),(3319,422,'Scala'),(3320,423,'Rust'),(3321,424,'Web Scraping'),(3322,424,'Kanban'),(3323,424,'Nodejs'),(3324,425,'Jenkins'),(3325,425,'Kanban'),(3326,425,'Ansible'),(3327,425,'Design Patterns'),(3328,425,'HTML5'),(3329,425,'Containers'),(3330,425,'Quarkus'),(3331,425,'GraphQL'),(3332,425,'Go'),(3333,425,'CSS'),(3334,426,'Nodejs'),(3335,426,'Rust'),(3336,426,'Python'),(3337,426,'Design Patterns'),(3338,426,'Spark'),(3339,426,'HTML5'),(3340,426,'Data Encryption'),(3341,426,'GraphQL'),(3342,426,'Go'),(3343,426,'Openshift'),(3344,426,'AI'),(3345,426,'Scala'),(3346,427,'Tensorflow'),(3347,427,'Python'),(3348,427,'Spark'),(3349,427,'Apache Beam'),(3350,427,'Go'),(3351,427,'Web Scraping'),(3352,427,'Openshift'),(3353,428,'Swift'),(3354,428,'Devops'),(3355,428,'Containers'),(3356,428,'Event Streaming'),(3357,428,'C++'),(3358,429,'Jupyter Notebook'),(3359,429,'Rust'),(3360,429,'Scrum'),(3361,429,'HTML5'),(3362,429,'Apache Beam'),(3363,429,'Concurrency'),(3364,429,'Openshift'),(3365,430,'Tensorflow'),(3366,430,'Nodejs'),(3367,430,'Rust'),(3368,430,'Swift'),(3369,430,'Ansible'),(3370,430,'Spark'),(3371,430,'React'),(3372,430,'Devops'),(3373,430,'Quarkus'),(3374,430,'CSS'),(3375,430,'Go'),(3376,430,'Openshift'),(3377,430,'C++'),(3378,430,'Data Encryption'),(3379,431,'Nodejs'),(3380,431,'Rust'),(3381,431,'HTML5'),(3382,431,'Docker'),(3383,432,'Swift'),(3384,432,'Python'),(3385,432,'React'),(3386,432,'Kubeflow'),(3387,432,'Quarkus'),(3388,433,'Jenkins'),(3389,433,'Nodejs'),(3390,433,'Rust'),(3391,433,'Swift'),(3392,433,'HTML5'),(3393,433,'Docker'),(3394,433,'Concurrency'),(3395,433,'Data Encryption'),(3396,434,'Jupyter Notebook'),(3397,434,'Nodejs'),(3398,434,'Swift'),(3399,434,'Python'),(3400,434,'React'),(3401,434,'CSS'),(3402,434,'Go'),(3403,434,'GraphQL'),(3404,434,'AI'),(3405,435,'Tensorflow'),(3406,435,'Kubernetes'),(3407,435,'Scrum'),(3408,435,'Ansible'),(3409,435,'HTML5'),(3410,435,'Quarkus'),(3411,435,'GraphQL'),(3412,436,'Tensorflow'),(3413,436,'Kanban'),(3414,436,'Nodejs'),(3415,436,'Design Patterns'),(3416,436,'Spark'),(3417,436,'Devops'),(3418,436,'Kubeflow'),(3419,436,'Docker'),(3420,436,'Quarkus'),(3421,436,'GraphQL'),(3422,436,'Go'),(3423,436,'Event Streaming'),(3424,436,'Concurrency'),(3425,436,'C++'),(3426,436,'Data Encryption'),(3427,437,'Nodejs'),(3428,437,'Scrum'),(3429,437,'Apache Beam'),(3430,437,'Openshift'),(3431,437,'C++'),(3432,438,'Design Patterns'),(3433,439,'Swift'),(3434,439,'Kubernetes'),(3435,439,'Python'),(3436,439,'Spark'),(3437,439,'React'),(3438,439,'Kubeflow'),(3439,439,'Quarkus'),(3440,439,'CSS'),(3441,439,'Hadoop'),(3442,439,'Concurrency'),(3443,439,'Web Scraping'),(3444,439,'Openshift'),(3445,440,'Concurrency'),(3446,440,'React'),(3447,440,'Scrum'),(3448,441,'Tensorflow'),(3449,441,'Jupyter Notebook'),(3450,441,'Rust'),(3451,441,'Swift'),(3452,441,'Ansible'),(3453,441,'Design Patterns'),(3454,441,'Apache Beam'),(3455,441,'GraphQL'),(3456,441,'Java'),(3457,441,'Event Streaming'),(3458,441,'Web Scraping'),(3459,442,'Jenkins'),(3460,442,'Jupyter Notebook'),(3461,442,'Design Patterns'),(3462,442,'Apache Beam'),(3463,442,'GraphQL'),(3464,442,'CSS'),(3465,443,'Tensorflow'),(3466,443,'Nodejs'),(3467,443,'HTML5'),(3468,443,'Devops'),(3469,443,'Kubeflow'),(3470,443,'Event Streaming'),(3471,443,'Web Scraping'),(3472,444,'Event Streaming'),(3473,445,'Apache Beam'),(3474,445,'Kubernetes'),(3475,446,'Nodejs'),(3476,446,'Scrum'),(3477,446,'HTML5'),(3478,447,'Rust'),(3479,447,'Kubernetes'),(3480,447,'Scrum'),(3481,447,'Devops'),(3482,447,'Java'),(3483,447,'Web Scraping'),(3484,447,'Scala'),(3485,448,'Jenkins'),(3486,448,'Nodejs'),(3487,448,'Openshift'),(3488,449,'Java'),(3489,449,'Web Scraping'),(3490,449,'CSS'),(3491,449,'Tensorflow'),(3492,450,'Kanban'),(3493,450,'Rust'),(3494,450,'Design Patterns'),(3495,450,'Devops'),(3496,450,'Docker'),(3497,450,'Quarkus'),(3498,450,'Hadoop'),(3499,450,'Concurrency'),(3500,450,'Web Scraping'),(3501,451,'Tensorflow'),(3502,451,'Jenkins'),(3503,451,'Kanban'),(3504,451,'Kubernetes'),(3505,451,'Ansible'),(3506,451,'HTML5'),(3507,451,'Spark'),(3508,451,'Kubeflow'),(3509,451,'Docker'),(3510,451,'Quarkus'),(3511,451,'Apache Beam'),(3512,451,'Hadoop'),(3513,451,'Event Streaming'),(3514,451,'Openshift'),(3515,451,'C++'),(3516,452,'Kanban'),(3517,452,'Kubernetes'),(3518,452,'Swift'),(3519,452,'Design Patterns'),(3520,452,'Containers'),(3521,452,'Event Streaming'),(3522,452,'Web Scraping'),(3523,453,'Jenkins'),(3524,453,'Jupyter Notebook'),(3525,453,'Kubernetes'),(3526,453,'Swift'),(3527,453,'Python'),(3528,453,'Spark'),(3529,453,'React'),(3530,453,'Quarkus'),(3531,453,'Hadoop'),(3532,454,'Jenkins'),(3533,454,'Rust'),(3534,454,'Devops'),(3535,454,'Containers'),(3536,455,'Nodejs'),(3537,455,'Rust'),(3538,455,'Swift'),(3539,455,'Python'),(3540,455,'React'),(3541,455,'Apache Beam'),(3542,455,'GraphQL'),(3543,455,'CSS'),(3544,455,'Go'),(3545,455,'Openshift'),(3546,455,'AI'),(3547,456,'Ansible'),(3548,457,'Kanban'),(3549,457,'Rust'),(3550,457,'Swift'),(3551,457,'Kubernetes'),(3552,457,'Quarkus'),(3553,457,'Concurrency'),(3554,457,'Web Scraping'),(3555,457,'Openshift'),(3556,457,'Data Encryption'),(3557,458,'C++'),(3558,458,'Nodejs'),(3559,458,'Scala'),(3560,459,'Jenkins'),(3561,459,'Jupyter Notebook'),(3562,459,'Nodejs'),(3563,459,'Design Patterns'),(3564,459,'Devops'),(3565,459,'Kubeflow'),(3566,459,'CSS'),(3567,459,'Hadoop'),(3568,459,'Event Streaming'),(3569,459,'Scala'),(3570,459,'AI'),(3571,459,'Data Encryption'),(3572,460,'Kubernetes'),(3573,460,'HTML5'),(3574,460,'Kubeflow'),(3575,460,'Docker'),(3576,460,'Quarkus'),(3577,460,'Event Streaming'),(3578,460,'Concurrency'),(3579,460,'AI'),(3580,461,'Swift'),(3581,461,'Kubernetes'),(3582,461,'Scrum'),(3583,461,'Python'),(3584,461,'Ansible'),(3585,461,'Spark'),(3586,461,'Quarkus'),(3587,461,'Apache Beam'),(3588,461,'CSS'),(3589,461,'Event Streaming'),(3590,461,'Concurrency'),(3591,461,'C++'),(3592,461,'Openshift'),(3593,462,'Jupyter Notebook'),(3594,462,'Scrum'),(3595,462,'Spark'),(3596,462,'React'),(3597,462,'HTML5'),(3598,462,'Kubeflow'),(3599,462,'Docker'),(3600,462,'Event Streaming'),(3601,462,'Openshift'),(3602,462,'C++'),(3603,462,'Scala'),(3604,463,'Jenkins'),(3605,463,'Jupyter Notebook'),(3606,463,'HTML5'),(3607,463,'GraphQL'),(3608,463,'Openshift'),(3609,463,'Scala'),(3610,464,'Nodejs'),(3611,464,'Kubernetes'),(3612,464,'Ansible'),(3613,464,'GraphQL'),(3614,464,'Hadoop'),(3615,464,'Web Scraping'),(3616,464,'C++'),(3617,464,'Scala'),(3618,465,'Jupyter Notebook'),(3619,465,'Rust'),(3620,465,'Scrum'),(3621,465,'Python'),(3622,465,'Design Patterns'),(3623,465,'Devops'),(3624,465,'Go'),(3625,465,'Web Scraping'),(3626,466,'Swift'),(3627,466,'Scrum'),(3628,466,'Python'),(3629,466,'Kubernetes'),(3630,466,'Spark'),(3631,466,'Kubeflow'),(3632,466,'Containers'),(3633,466,'Apache Beam'),(3634,466,'Hadoop'),(3635,466,'C++'),(3636,466,'AI'),(3637,466,'Data Encryption'),(3638,467,'Nodejs'),(3639,467,'Docker'),(3640,467,'GraphQL'),(3641,467,'Go'),(3642,467,'Hadoop'),(3643,467,'Scala'),(3644,468,'Tensorflow'),(3645,468,'Ansible'),(3646,468,'HTML5'),(3647,468,'Devops'),(3648,468,'Containers'),(3649,468,'Kubeflow'),(3650,468,'Quarkus'),(3651,468,'CSS'),(3652,468,'Scala'),(3653,469,'Nodejs'),(3654,469,'Rust'),(3655,469,'Kubernetes'),(3656,469,'Scrum'),(3657,469,'CSS'),(3658,469,'GraphQL'),(3659,469,'Java'),(3660,470,'Jenkins'),(3661,470,'Kanban'),(3662,470,'Jupyter Notebook'),(3663,470,'Tensorflow'),(3664,470,'Kubernetes'),(3665,470,'HTML5'),(3666,470,'Containers'),(3667,470,'Kubeflow'),(3668,470,'Docker'),(3669,470,'Quarkus'),(3670,470,'Hadoop'),(3671,470,'C++'),(3672,471,'Web Scraping'),(3673,471,'GraphQL'),(3674,471,'Rust'),(3675,471,'Ansible'),(3676,472,'Concurrency'),(3677,472,'Rust'),(3678,473,'Kubernetes'),(3679,473,'Scrum'),(3680,473,'Python'),(3681,473,'Kubeflow'),(3682,473,'Quarkus'),(3683,473,'GraphQL'),(3684,473,'CSS'),(3685,473,'Java'),(3686,473,'Web Scraping'),(3687,473,'C++'),(3688,473,'Openshift'),(3689,473,'Data Encryption'),(3690,474,'Kanban'),(3691,474,'Nodejs'),(3692,474,'Kubernetes'),(3693,474,'Swift'),(3694,474,'Ansible'),(3695,474,'HTML5'),(3696,474,'Apache Beam'),(3697,474,'Quarkus'),(3698,474,'Java'),(3699,475,'Quarkus'),(3700,475,'Spark'),(3701,475,'React'),(3702,475,'Docker'),(3703,476,'Tensorflow'),(3704,476,'HTML5'),(3705,476,'Devops'),(3706,476,'Kubeflow'),(3707,476,'Quarkus'),(3708,477,'Jupyter Notebook'),(3709,477,'Nodejs'),(3710,477,'Ansible'),(3711,477,'HTML5'),(3712,477,'React'),(3713,477,'Devops'),(3714,477,'Spark'),(3715,477,'C++'),(3716,478,'Tensorflow'),(3717,478,'Nodejs'),(3718,478,'Spark'),(3719,478,'React'),(3720,478,'Devops'),(3721,478,'Docker'),(3722,478,'Quarkus'),(3723,478,'Apache Beam'),(3724,478,'CSS'),(3725,478,'GraphQL'),(3726,478,'Hadoop'),(3727,478,'Openshift'),(3728,478,'C++'),(3729,478,'AI'),(3730,478,'Scala'),(3731,479,'Jenkins'),(3732,479,'Jupyter Notebook'),(3733,479,'Swift'),(3734,479,'Design Patterns'),(3735,479,'Spark'),(3736,479,'Containers'),(3737,479,'Docker'),(3738,479,'Quarkus'),(3739,479,'Apache Beam'),(3740,479,'CSS'),(3741,479,'Hadoop'),(3742,479,'Go'),(3743,479,'Web Scraping'),(3744,479,'AI'),(3745,479,'Data Encryption'),(3746,480,'Rust'),(3747,480,'Kubernetes'),(3748,480,'Design Patterns'),(3749,480,'Spark'),(3750,480,'Openshift'),(3751,480,'AI'),(3752,481,'Tensorflow'),(3753,481,'Kubernetes'),(3754,481,'Scrum'),(3755,481,'HTML5'),(3756,481,'Hadoop'),(3757,481,'Event Streaming'),(3758,481,'AI'),(3759,482,'Jupyter Notebook'),(3760,482,'Rust'),(3761,482,'Scrum'),(3762,482,'Ansible'),(3763,482,'Event Streaming'),(3764,482,'AI'),(3765,483,'Rust'),(3766,483,'Kubernetes'),(3767,483,'Python'),(3768,483,'HTML5'),(3769,483,'React'),(3770,483,'Containers'),(3771,483,'GraphQL'),(3772,483,'Hadoop'),(3773,483,'Event Streaming'),(3774,483,'Go'),(3775,483,'Web Scraping'),(3776,483,'Openshift'),(3777,483,'AI'),(3778,483,'Data Encryption'),(3779,484,'Kanban'),(3780,484,'Rust'),(3781,484,'Containers'),(3782,484,'Java'),(3783,484,'Scala'),(3784,485,'Openshift'),(3785,486,'Ansible'),(3786,486,'Python'),(3787,486,'Spark'),(3788,486,'GraphQL'),(3789,486,'Hadoop'),(3790,486,'Concurrency'),(3791,486,'Web Scraping'),(3792,487,'Jenkins'),(3793,487,'Kanban'),(3794,487,'Nodejs'),(3795,487,'Jupyter Notebook'),(3796,487,'Tensorflow'),(3797,487,'Python'),(3798,487,'Ansible'),(3799,487,'Containers'),(3800,487,'Docker'),(3801,487,'Kubeflow'),(3802,487,'Apache Beam'),(3803,487,'GraphQL'),(3804,487,'Openshift'),(3805,487,'C++'),(3806,488,'React'),(3807,488,'Kubernetes'),(3808,488,'Ansible'),(3809,489,'Jupyter Notebook'),(3810,489,'Swift'),(3811,489,'Python'),(3812,489,'Design Patterns'),(3813,489,'HTML5'),(3814,489,'Kubeflow'),(3815,489,'Docker'),(3816,489,'Apache Beam'),(3817,489,'CSS'),(3818,489,'Hadoop'),(3819,489,'Go'),(3820,489,'Openshift'),(3821,490,'Tensorflow'),(3822,490,'Jenkins'),(3823,490,'Jupyter Notebook'),(3824,490,'Rust'),(3825,490,'Python'),(3826,490,'Devops'),(3827,490,'Kubeflow'),(3828,490,'Docker'),(3829,490,'Containers'),(3830,490,'Quarkus'),(3831,490,'Java'),(3832,491,'HTML5'),(3833,491,'Data Encryption'),(3834,492,'Rust'),(3835,492,'Swift'),(3836,492,'Scrum'),(3837,492,'HTML5'),(3838,492,'React'),(3839,492,'Devops'),(3840,492,'Containers'),(3841,492,'Apache Beam'),(3842,492,'GraphQL'),(3843,492,'Event Streaming'),(3844,492,'Openshift'),(3845,492,'AI'),(3846,493,'Nodejs'),(3847,493,'Rust'),(3848,493,'Kubernetes'),(3849,493,'Scrum'),(3850,493,'Jupyter Notebook'),(3851,493,'Ansible'),(3852,493,'HTML5'),(3853,493,'Devops'),(3854,493,'GraphQL'),(3855,493,'Go'),(3856,493,'Hadoop'),(3857,493,'Concurrency'),(3858,493,'C++'),(3859,494,'Tensorflow'),(3860,494,'Kanban'),(3861,494,'Jupyter Notebook'),(3862,494,'Design Patterns'),(3863,494,'HTML5'),(3864,494,'Kubeflow'),(3865,494,'Docker'),(3866,494,'GraphQL'),(3867,494,'Java'),(3868,494,'Event Streaming'),(3869,494,'Data Encryption'),(3870,495,'Rust'),(3871,495,'Concurrency'),(3872,495,'React'),(3873,495,'Event Streaming'),(3874,495,'Web Scraping'),(3875,496,'Kanban'),(3876,496,'Rust'),(3877,496,'Ansible'),(3878,496,'Devops'),(3879,496,'Data Encryption'),(3880,497,'Nodejs'),(3881,497,'Rust'),(3882,497,'Jupyter Notebook'),(3883,497,'Containers'),(3884,497,'Apache Beam'),(3885,497,'Concurrency'),(3886,497,'Data Encryption'),(3887,498,'Tensorflow'),(3888,498,'Nodejs'),(3889,498,'Scrum'),(3890,498,'Kubeflow'),(3891,498,'Docker'),(3892,498,'Apache Beam'),(3893,498,'GraphQL'),(3894,498,'Java'),(3895,498,'C++'),(3896,499,'Design Patterns'),(3897,499,'Spark'),(3898,499,'HTML5'),(3899,499,'Containers'),(3900,499,'GraphQL'),(3901,499,'Hadoop'),(3902,499,'Java'),(3903,499,'Data Encryption'),(3904,500,'Design Patterns'),(3905,500,'Quarkus'),(3906,500,'Go'),(3907,500,'Event Streaming'),(3908,500,'AI'),(3909,500,'Data Encryption');
INSERT INTO "Courses" ("id","instructorId","name") VALUES (1,1,'Swift HTML5 first steps'),(2,18,'Getting started with React'),(3,16,'AI fundamentals'),(4,22,'CSS in 3 hours'),(5,13,'A Practical Introduction to DockerJava essentials'),(6,23,'Mastering CSS'),(7,24,'Containers Next Steps'),(8,5,'Mastering Apache Beam'),(9,8,'Quarkus in 3 hours'),(10,9,'Mastering Jenkins'),(11,5,'HTML5 Fundamentals'),(12,20,'Getting started with Concurrency'),(13,5,'Web Scraping fundamentals'),(14,4,'AI fundamentals'),(15,21,'Intro to Web Scraping'),(16,20,'Kubeflow Under the hood'),(17,25,'Mastering React'),(18,1,'Data Encryption in 3 hours'),(19,9,'Intro to Jupyter Notebook'),(20,24,'Concurrency Next Steps'),(21,2,'Apache Beam in Scala'),(22,24,'Containers Fundamentals'),(23,20,'React Next Steps'),(24,20,'Spark fundamentals'),(25,20,'Intro to AI'),(26,8,'Openshift Under the hood'),(27,25,'A Practical Introduction to ReactRust essentials'),(28,24,'Data Encryption in 3 hours'),(29,21,'HTML5 in 3 hours'),(30,15,'Getting started with Scrum'),(31,17,'Apache Beam in C++'),(32,13,'Openshift in Python'),(33,11,'Kubeflow in Nodejs'),(34,13,'A Practical Introduction to Web ScrapingScala essentials'),(35,20,'CSS in 3 hours'),(36,24,'Scala Jenkins first steps'),(37,12,'Scrum fundamentals'),(38,5,'Getting started with Kubernetes'),(39,22,'Jupyter Notebook fundamentals'),(40,11,'A Practical Introduction to DockerC++ essentials'),(41,18,'A Practical Introduction to ScrumPython essentials'),(42,18,'Tensorflow with Nodejs'),(43,3,'Devops in 3 hours'),(44,1,'Quarkus Fundamentals'),(45,13,'C++ Kubernetes first steps'),(46,4,'Devops Under the hood'),(47,5,'Scala Quarkus first steps'),(48,23,'GraphQL Fundamentals'),(49,18,'Jupyter Notebook Under the hood'),(50,10,'Event Streaming Under the hood'),(51,19,'Hadoop Under the hood'),(52,15,'Rust Tensorflow first steps'),(53,21,'AI with Python'),(54,24,'Nodejs Tensorflow first steps'),(55,18,'Containers Next Steps'),(56,17,'Jenkins with Swift'),(57,22,'Getting started with Jupyter Notebook'),(58,13,'Docker Fundamentals'),(59,18,'A Practical Introduction to HadoopPython essentials'),(60,2,'HTML5 in 3 hours'),(61,1,'Tensorflow in 3 hours'),(62,8,'Docker in C++'),(63,13,'React with Swift'),(64,7,'Spark in 3 hours'),(65,4,'GraphQL with Swift'),(66,2,'Data Encryption Next Steps'),(67,13,'Openshift in C++'),(68,19,'Getting started with Hadoop'),(69,19,'Openshift in Scala'),(70,21,'A Practical Introduction to ReactC++ essentials'),(71,11,'Containers in Java'),(72,7,'Swift Data Encryption first steps'),(73,1,'Kubeflow fundamentals'),(74,11,'CSS Fundamentals'),(75,13,'Kanban fundamentals'),(76,9,'Mastering Scrum'),(77,23,'A Practical Introduction to ReactScala essentials'),(78,22,'Web Scraping in Scala'),(79,5,'Scala Kubernetes first steps'),(80,24,'AI in 3 hours'),(81,2,'AI with Nodejs'),(82,2,'Kubeflow in 3 hours'),(83,1,'Quarkus Next Steps'),(84,14,'A Practical Introduction to CSSJava essentials'),(85,8,'Apache Beam Fundamentals'),(86,1,'Docker in 3 hours'),(87,2,'A Practical Introduction to KubeflowJava essentials'),(88,11,'Event Streaming Next Steps'),(89,9,'CSS Next Steps'),(90,16,'Intro to Quarkus'),(91,22,'Intro to Ansible'),(92,1,'Containers in 3 hours'),(93,9,'Event Streaming fundamentals'),(94,12,'GraphQL in Rust'),(95,25,'Spark Next Steps'),(96,7,'Tensorflow Fundamentals'),(97,15,'React Fundamentals'),(98,6,'Concurrency Under the hood'),(99,10,'Intro to React'),(100,16,'Intro to Design Patterns');
INSERT INTO "CourseTopic" ("id","courseId","topic") VALUES (1,1,'HTML5'),(2,1,'Swift'),(3,2,'React'),(4,2,'Nodejs'),(5,3,'AI'),(6,3,'Go'),(7,4,'CSS'),(8,4,'Scala'),(9,5,'Docker'),(10,5,'Java'),(11,6,'CSS'),(12,6,'Rust'),(13,7,'Containers'),(14,7,'Scala'),(15,8,'Apache Beam'),(16,8,'Java'),(17,9,'Quarkus'),(18,9,'Rust'),(19,10,'Jenkins'),(20,10,'Nodejs'),(21,11,'HTML5'),(22,11,'Swift'),(23,12,'Concurrency'),(24,12,'Go'),(25,13,'Web Scraping'),(26,13,'Scala'),(27,14,'AI'),(28,14,'Swift'),(29,15,'Web Scraping'),(30,15,'Python'),(31,16,'Kubeflow'),(32,16,'Java'),(33,17,'React'),(34,17,'Swift'),(35,18,'Data Encryption'),(36,18,'Scala'),(37,19,'Jupyter Notebook'),(38,19,'Scala'),(39,20,'Concurrency'),(40,20,'Swift'),(41,21,'Apache Beam'),(42,21,'Scala'),(43,22,'Containers'),(44,22,'Java'),(45,23,'React'),(46,23,'Java'),(47,24,'Spark'),(48,24,'C++'),(49,25,'AI'),(50,25,'Scala'),(51,26,'Openshift'),(52,26,'Nodejs'),(53,27,'React'),(54,27,'Rust'),(55,28,'Data Encryption'),(56,28,'Python'),(57,29,'HTML5'),(58,29,'Java'),(59,30,'Scrum'),(60,30,'Rust'),(61,31,'Apache Beam'),(62,31,'C++'),(63,32,'Openshift'),(64,32,'Python'),(65,33,'Kubeflow'),(66,33,'Nodejs'),(67,34,'Web Scraping'),(68,34,'Scala'),(69,35,'CSS'),(70,35,'Rust'),(71,36,'Jenkins'),(72,36,'Scala'),(73,37,'Scrum'),(74,37,'Go'),(75,38,'Kubernetes'),(76,38,'C++'),(77,39,'Jupyter Notebook'),(78,39,'Python'),(79,40,'Docker'),(80,40,'C++'),(81,41,'Scrum'),(82,41,'Python'),(83,42,'Tensorflow'),(84,42,'Nodejs'),(85,43,'Devops'),(86,43,'Java'),(87,44,'Quarkus'),(88,44,'Go'),(89,45,'Kubernetes'),(90,45,'C++'),(91,46,'Devops'),(92,46,'Go'),(93,47,'Quarkus'),(94,47,'Scala'),(95,48,'GraphQL'),(96,48,'Python'),(97,49,'Jupyter Notebook'),(98,49,'Java'),(99,50,'Event Streaming'),(100,50,'Java'),(101,51,'Hadoop'),(102,51,'Rust'),(103,52,'Tensorflow'),(104,52,'Rust'),(105,53,'AI'),(106,53,'Python'),(107,54,'Tensorflow'),(108,54,'Nodejs'),(109,55,'Containers'),(110,55,'Nodejs'),(111,56,'Jenkins'),(112,56,'Swift'),(113,57,'Jupyter Notebook'),(114,57,'Rust'),(115,58,'Docker'),(116,58,'Java'),(117,59,'Hadoop'),(118,59,'Python'),(119,60,'HTML5'),(120,60,'C++'),(121,61,'Tensorflow'),(122,61,'Python'),(123,62,'Docker'),(124,62,'C++'),(125,63,'React'),(126,63,'Swift'),(127,64,'Spark'),(128,64,'C++'),(129,65,'GraphQL'),(130,65,'Swift'),(131,66,'Data Encryption'),(132,66,'Swift'),(133,67,'Openshift'),(134,67,'C++'),(135,68,'Hadoop'),(136,68,'Nodejs'),(137,69,'Openshift'),(138,69,'Scala'),(139,70,'React'),(140,70,'C++'),(141,71,'Containers'),(142,71,'Java'),(143,72,'Data Encryption'),(144,72,'Swift'),(145,73,'Kubeflow'),(146,73,'Go'),(147,74,'CSS'),(148,74,'Swift'),(149,75,'Kanban'),(150,75,'Rust'),(151,76,'Scrum'),(152,76,'Scala'),(153,77,'React'),(154,77,'Scala'),(155,78,'Web Scraping'),(156,78,'Scala'),(157,79,'Kubernetes'),(158,79,'Scala'),(159,80,'AI'),(160,80,'Rust'),(161,81,'AI'),(162,81,'Nodejs'),(163,82,'Kubeflow'),(164,82,'C++'),(165,83,'Quarkus'),(166,83,'Swift'),(167,84,'CSS'),(168,84,'Java'),(169,85,'Apache Beam'),(170,85,'Rust'),(171,86,'Docker'),(172,86,'Swift'),(173,87,'Kubeflow'),(174,87,'Java'),(175,88,'Event Streaming'),(176,88,'Scala'),(177,89,'CSS'),(178,89,'Python'),(179,90,'Quarkus'),(180,90,'Go'),(181,91,'Ansible'),(182,91,'Swift'),(183,92,'Containers'),(184,92,'Java'),(185,93,'Event Streaming'),(186,93,'Nodejs'),(187,94,'GraphQL'),(188,94,'Rust'),(189,95,'Spark'),(190,95,'Nodejs'),(191,96,'Tensorflow'),(192,96,'Nodejs'),(193,97,'React'),(194,97,'C++'),(195,98,'Concurrency'),(196,98,'Java'),(197,99,'React'),(198,99,'Java'),(199,100,'Design Patterns'),(200,100,'Java');
INSERT INTO "CourseAttendee" ("id","courseId","attendeeId") VALUES (1,1,36),(2,1,41),(3,1,49),(4,1,86),(5,1,135),(6,1,149),(7,1,173),(8,1,218),(9,1,219),(10,1,247),(11,1,274),(12,1,306),(13,1,309),(14,1,323),(15,1,326),(16,1,335),(17,1,336),(18,1,349),(19,1,354),(20,1,363),(21,1,366),(22,1,384),(23,1,389),(24,1,403),(25,1,446),(26,1,454),(27,1,457),(28,1,458),(29,1,461),(30,1,463),(31,1,473),(32,1,474),(33,1,489),(34,2,21),(35,2,24),(36,2,27),(37,2,37),(38,2,38),(39,2,47),(40,2,49),(41,2,50),(42,2,51),(43,2,63),(44,2,72),(45,2,75),(46,2,77),(47,2,95),(48,2,104),(49,2,143),(50,2,167),(51,2,168),(52,2,186),(53,2,195),(54,2,207),(55,2,223),(56,2,234),(57,2,235),(58,2,236),(59,2,263),(60,2,267),(61,2,283),(62,2,296),(63,2,321),(64,2,332),(65,2,341),(66,2,344),(67,2,351),(68,2,357),(69,2,370),(70,2,383),(71,2,413),(72,2,432),(73,2,451),(74,2,458),(75,2,470),(76,2,480),(77,2,481),(78,2,494),(79,2,496),(80,3,1),(81,3,19),(82,3,25),(83,3,36),(84,3,42),(85,3,43),(86,3,66),(87,3,87),(88,3,98),(89,3,99),(90,3,117),(91,3,139),(92,3,160),(93,3,163),(94,3,164),(95,3,173),(96,3,199),(97,3,200),(98,3,203),(99,3,207),(100,3,214),(101,3,241),(102,3,242),(103,3,243),(104,3,251),(105,3,253),(106,3,259),(107,3,261),(108,3,287),(109,3,313),(110,3,329),(111,3,354),(112,3,362),(113,3,377),(114,3,382),(115,3,383),(116,3,392),(117,3,403),(118,3,424),(119,3,427),(120,3,449),(121,3,454),(122,3,459),(123,3,460),(124,3,467),(125,3,487),(126,3,491),(127,3,494),(128,4,11),(129,4,12),(130,4,20),(131,4,30),(132,4,57),(133,4,59),(134,4,62),(135,4,68),(136,4,73),(137,4,78),(138,4,79),(139,4,81),(140,4,86),(141,4,100),(142,4,108),(143,4,110),(144,4,112),(145,4,129),(146,4,132),(147,4,138),(148,4,145),(149,4,160),(150,4,176),(151,4,188),(152,4,199),(153,4,200),(154,4,208),(155,4,224),(156,4,228),(157,4,235),(158,4,239),(159,4,243),(160,4,244),(161,4,252),(162,4,263),(163,4,265),(164,4,287),(165,4,290),(166,4,295),(167,4,301),(168,4,318),(169,4,319),(170,4,321),(171,4,333),(172,4,347),(173,4,351),(174,4,353),(175,4,363),(176,4,366),(177,4,368),(178,4,385),(179,4,392),(180,4,395),(181,4,412),(182,4,414),(183,4,419),(184,4,421),(185,4,424),(186,4,428),(187,4,445),(188,4,447),(189,4,468),(190,4,470),(191,4,496),(192,5,41),(193,5,50),(194,5,81),(195,5,93),(196,5,125),(197,5,155),(198,5,195),(199,5,196),(200,5,198),(201,5,205),(202,5,222),(203,5,240),(204,5,305),(205,5,310),(206,5,312),(207,5,321),(208,5,331),(209,5,333),(210,5,347),(211,5,366),(212,5,393),(213,5,412),(214,5,417),(215,5,430),(216,5,450),(217,5,462),(218,5,488),(219,6,12),(220,6,35),(221,6,59),(222,6,74),(223,6,92),(224,6,97),(225,6,119),(226,6,150),(227,6,159),(228,6,164),(229,6,165),(230,6,166),(231,6,168),(232,6,169),(233,6,170),(234,6,177),(235,6,182),(236,6,197),(237,6,200),(238,6,206),(239,6,224),(240,6,231),(241,6,246),(242,6,251),(243,6,254),(244,6,260),(245,6,282),(246,6,299),(247,6,310),(248,6,311),(249,6,317),(250,6,333),(251,6,336),(252,6,343),(253,6,345),(254,6,351),(255,6,355),(256,6,360),(257,6,361),(258,6,372),(259,6,377),(260,6,383),(261,6,385),(262,6,403),(263,6,414),(264,6,420),(265,6,434),(266,6,441),(267,6,451),(268,6,468),(269,6,473),(270,6,479),(271,6,496),(272,6,499),(273,7,4),(274,7,36),(275,7,42),(276,7,49),(277,7,84),(278,7,98),(279,7,108),(280,7,110),(281,7,116),(282,7,123),(283,7,127),(284,7,191),(285,7,200),(286,7,248),(287,7,250),(288,7,256),(289,7,276),(290,7,301),(291,7,304),(292,7,318),(293,7,321),(294,7,325),(295,7,326),(296,7,348),(297,7,383),(298,7,385),(299,7,411),(300,7,430),(301,7,442),(302,7,493),(303,8,19),(304,8,20),(305,8,41),(306,8,46),(307,8,47),(308,8,49),(309,8,57),(310,8,77),(311,8,89),(312,8,91),(313,8,92),(314,8,93),(315,8,94),(316,8,104),(317,8,110),(318,8,113),(319,8,121),(320,8,127),(321,8,130),(322,8,144),(323,8,169),(324,8,177),(325,8,180),(326,8,187),(327,8,199),(328,8,204),(329,8,211),(330,8,213),(331,8,214),(332,8,218),(333,8,246),(334,8,253),(335,8,262),(336,8,270),(337,8,271),(338,8,272),(339,8,275),(340,8,279),(341,8,284),(342,8,289),(343,8,290),(344,8,292),(345,8,294),(346,8,313),(347,8,315),(348,8,316),(349,8,318),(350,8,332),(351,8,337),(352,8,344),(353,8,365),(354,8,400),(355,8,437),(356,8,441),(357,8,460),(358,8,472),(359,8,478),(360,8,483),(361,8,484),(362,8,488),(363,8,497),(364,9,7),(365,9,14),(366,9,25),(367,9,28),(368,9,42),(369,9,89),(370,9,97),(371,9,102),(372,9,109),(373,9,117),(374,9,130),(375,9,136),(376,9,144),(377,9,167),(378,9,168),(379,9,174),(380,9,180),(381,9,195),(382,9,200),(383,9,203),(384,9,206),(385,9,233),(386,9,257),(387,9,271),(388,9,275),(389,9,278),(390,9,285),(391,9,318),(392,9,320),(393,9,334),(394,9,348),(395,9,350),(396,9,367),(397,9,378),(398,9,397),(399,9,449),(400,9,453),(401,9,462),(402,9,465),(403,9,466),(404,9,471),(405,9,493),(406,10,7),(407,10,18),(408,10,21),(409,10,22),(410,10,54),(411,10,61),(412,10,99),(413,10,109),(414,10,126),(415,10,135),(416,10,140),(417,10,154),(418,10,158),(419,10,162),(420,10,191),(421,10,197),(422,10,201),(423,10,203),(424,10,212),(425,10,232),(426,10,236),(427,10,241),(428,10,242),(429,10,265),(430,10,269),(431,10,270),(432,10,275),(433,10,281),(434,10,285),(435,10,312),(436,10,320),(437,10,322),(438,10,337),(439,10,342),(440,10,344),(441,10,347),(442,10,350),(443,10,351),(444,10,367),(445,10,376),(446,10,392),(447,10,406),(448,10,410),(449,10,423),(450,10,426),(451,10,429),(452,10,443),(453,10,451),(454,10,460),(455,10,470),(456,10,473),(457,10,476),(458,11,17),(459,11,21),(460,11,37),(461,11,55),(462,11,61),(463,11,62),(464,11,76),(465,11,99),(466,11,101),(467,11,121),(468,11,160),(469,11,177),(470,11,186),(471,11,191),(472,11,194),(473,11,241),(474,11,282),(475,11,288),(476,11,291),(477,11,307),(478,11,311),(479,11,327),(480,11,362),(481,11,373),(482,11,387),(483,11,404),(484,11,406),(485,11,422),(486,11,426),(487,11,433),(488,11,442),(489,11,458),(490,11,492),(491,11,497),(492,12,22),(493,12,45),(494,12,46),(495,12,55),(496,12,56),(497,12,82),(498,12,87),(499,12,90),(500,12,105),(501,12,114),(502,12,115),(503,12,118),(504,12,124),(505,12,126),(506,12,135),(507,12,137),(508,12,148),(509,12,150),(510,12,151),(511,12,184),(512,12,190),(513,12,203),(514,12,205),(515,12,210),(516,12,211),(517,12,217),(518,12,225),(519,12,227),(520,12,231),(521,12,232),(522,12,248),(523,12,256),(524,12,274),(525,12,287),(526,12,307),(527,12,336),(528,12,357),(529,12,375),(530,12,379),(531,12,388),(532,12,411),(533,12,412),(534,12,417),(535,12,424),(536,12,438),(537,12,442),(538,12,446),(539,12,450),(540,12,455),(541,12,456),(542,12,465),(543,12,466),(544,12,468),(545,12,479),(546,12,483),(547,12,488),(548,12,489),(549,13,12),(550,13,60),(551,13,65),(552,13,81),(553,13,107),(554,13,108),(555,13,126),(556,13,131),(557,13,155),(558,13,184),(559,13,195),(560,13,203),(561,13,218),(562,13,245),(563,13,262),(564,13,271),(565,13,272),(566,13,274),(567,13,295),(568,13,315),(569,13,348),(570,13,382),(571,13,383),(572,13,393),(573,13,399),(574,13,404),(575,13,420),(576,13,421),(577,13,422),(578,13,451),(579,13,463),(580,13,467),(581,13,473),(582,13,484),(583,14,1),(584,14,6),(585,14,15),(586,14,23),(587,14,26),(588,14,30),(589,14,38),(590,14,52),(591,14,53),(592,14,61),(593,14,77),(594,14,85),(595,14,87),(596,14,100),(597,14,114),(598,14,120),(599,14,128),(600,14,129),(601,14,130),(602,14,131),(603,14,143),(604,14,145),(605,14,146),(606,14,164),(607,14,175),(608,14,180),(609,14,183),(610,14,188),(611,14,196),(612,14,198),(613,14,213),(614,14,215),(615,14,225),(616,14,226),(617,14,227),(618,14,231),(619,14,234),(620,14,243),(621,14,247),(622,14,250),(623,14,275),(624,14,279),(625,14,288),(626,14,291),(627,14,294),(628,14,310),(629,14,314),(630,14,317),(631,14,319),(632,14,321),(633,14,323),(634,14,341),(635,14,342),(636,14,362),(637,14,366),(638,14,368),(639,14,370),(640,14,374),(641,14,378),(642,14,381),(643,14,388),(644,14,391),(645,14,398),(646,14,414),(647,14,446),(648,14,448),(649,14,478),(650,14,484),(651,14,487),(652,15,1),(653,15,12),(654,15,22),(655,15,28),(656,15,30),(657,15,33),(658,15,34),(659,15,35),(660,15,38),(661,15,41),(662,15,44),(663,15,48),(664,15,53),(665,15,56),(666,15,57),(667,15,83),(668,15,84),(669,15,100),(670,15,122),(671,15,137),(672,15,142),(673,15,153),(674,15,171),(675,15,176),(676,15,187),(677,15,219),(678,15,232),(679,15,239),(680,15,245),(681,15,251),(682,15,264),(683,15,276),(684,15,285),(685,15,297),(686,15,300),(687,15,303),(688,15,314),(689,15,331),(690,15,334),(691,15,358),(692,15,377),(693,15,385),(694,15,386),(695,15,396),(696,15,401),(697,15,404),(698,15,407),(699,15,418),(700,15,421),(701,15,426),(702,15,433),(703,15,438),(704,15,451),(705,15,468),(706,15,470),(707,15,479),(708,15,483),(709,15,490),(710,15,492),(711,16,2),(712,16,17),(713,16,29),(714,16,36),(715,16,48),(716,16,61),(717,16,72),(718,16,77),(719,16,80),(720,16,81),(721,16,84),(722,16,89),(723,16,93),(724,16,106),(725,16,123),(726,16,126),(727,16,132),(728,16,142),(729,16,158),(730,16,172),(731,16,179),(732,16,186),(733,16,194),(734,16,209),(735,16,246),(736,16,258),(737,16,265),(738,16,268),(739,16,270),(740,16,276),(741,16,284),(742,16,285),(743,16,290),(744,16,319),(745,16,321),(746,16,322),(747,16,342),(748,16,345),(749,16,350),(750,16,356),(751,16,365),(752,16,368),(753,16,381),(754,16,403),(755,16,416),(756,16,423),(757,16,426),(758,16,431),(759,16,439),(760,16,443),(761,16,445),(762,16,448),(763,16,451),(764,16,454),(765,16,461),(766,16,463),(767,16,467),(768,16,472),(769,16,477),(770,16,489),(771,16,491),(772,17,19),(773,17,36),(774,17,37),(775,17,40),(776,17,43),(777,17,48),(778,17,50),(779,17,65),(780,17,70),(781,17,76),(782,17,84),(783,17,96),(784,17,97),(785,17,105),(786,17,127),(787,17,149),(788,17,165),(789,17,168),(790,17,173),(791,17,177),(792,17,191),(793,17,193),(794,17,194),(795,17,199),(796,17,225),(797,17,228),(798,17,245),(799,17,267),(800,17,275),(801,17,290),(802,17,294),(803,17,307),(804,17,310),(805,17,313),(806,17,320),(807,17,340),(808,17,357),(809,17,360),(810,17,364),(811,17,366),(812,17,374),(813,17,377),(814,17,398),(815,17,400),(816,17,401),(817,17,406),(818,17,410),(819,17,411),(820,17,416),(821,17,430),(822,17,446),(823,17,449),(824,17,454),(825,17,464),(826,17,467),(827,17,491),(828,18,16),(829,18,21),(830,18,24),(831,18,29),(832,18,49),(833,18,52),(834,18,55),(835,18,108),(836,18,115),(837,18,120),(838,18,126),(839,18,137),(840,18,139),(841,18,142),(842,18,145),(843,18,148),(844,18,154),(845,18,157),(846,18,162),(847,18,168),(848,18,173),(849,18,177),(850,18,180),(851,18,184),(852,18,189),(853,18,192),(854,18,194),(855,18,207),(856,18,213),(857,18,214),(858,18,217),(859,18,222),(860,18,246),(861,18,268),(862,18,269),(863,18,270),(864,18,272),(865,18,294),(866,18,308),(867,18,321),(868,18,323),(869,18,325),(870,18,330),(871,18,340),(872,18,345),(873,18,352),(874,18,358),(875,18,363),(876,18,378),(877,18,392),(878,18,405),(879,18,409),(880,18,423),(881,18,437),(882,18,442),(883,18,449),(884,18,453),(885,18,461),(886,18,464),(887,18,466),(888,18,478),(889,18,489),(890,19,3),(891,19,6),(892,19,8),(893,19,20),(894,19,36),(895,19,41),(896,19,44),(897,19,46),(898,19,72),(899,19,76),(900,19,103),(901,19,109),(902,19,116),(903,19,122),(904,19,129),(905,19,139),(906,19,153),(907,19,157),(908,19,158),(909,19,161),(910,19,162),(911,19,172),(912,19,173),(913,19,182),(914,19,198),(915,19,200),(916,19,202),(917,19,208),(918,19,209),(919,19,210),(920,19,214),(921,19,216),(922,19,230),(923,19,232),(924,19,281),(925,19,285),(926,19,305),(927,19,311),(928,19,318),(929,19,320),(930,19,333),(931,19,342),(932,19,358),(933,19,362),(934,19,363),(935,19,366),(936,19,373),(937,19,376),(938,19,383),(939,19,390),(940,19,400),(941,19,408),(942,19,411),(943,19,416),(944,19,420),(945,19,424),(946,19,426),(947,19,459),(948,19,481),(949,19,485),(950,19,488),(951,20,14),(952,20,30),(953,20,31),(954,20,47),(955,20,66),(956,20,81),(957,20,89),(958,20,98),(959,20,108),(960,20,109),(961,20,119),(962,20,123),(963,20,124),(964,20,159),(965,20,162),(966,20,172),(967,20,176),(968,20,191),(969,20,192),(970,20,208),(971,20,223),(972,20,227),(973,20,236),(974,20,240),(975,20,242),(976,20,257),(977,20,263),(978,20,269),(979,20,270),(980,20,271),(981,20,276),(982,20,295),(983,20,313),(984,20,322),(985,20,325),(986,20,331),(987,20,351),(988,20,358),(989,20,363),(990,20,372),(991,20,379),(992,20,407),(993,20,420),(994,20,436),(995,20,437),(996,20,479),(997,20,481),(998,20,488),(999,20,490),(1000,20,493),(1001,21,15),(1002,21,18),(1003,21,24),(1004,21,49),(1005,21,52),(1006,21,57),(1007,21,58),(1008,21,61),(1009,21,67),(1010,21,69),(1011,21,79),(1012,21,85),(1013,21,89),(1014,21,93),(1015,21,111),(1016,21,139),(1017,21,154),(1018,21,167),(1019,21,172),(1020,21,181),(1021,21,202),(1022,21,205),(1023,21,209),(1024,21,214),(1025,21,217),(1026,21,227),(1027,21,230),(1028,21,231),(1029,21,245),(1030,21,249),(1031,21,267),(1032,21,270),(1033,21,280),(1034,21,300),(1035,21,314),(1036,21,320),(1037,21,327),(1038,21,329),(1039,21,336),(1040,21,343),(1041,21,347),(1042,21,352),(1043,21,366),(1044,21,371),(1045,21,378),(1046,21,401),(1047,21,427),(1048,21,429),(1049,21,444),(1050,21,446),(1051,21,451),(1052,21,455),(1053,21,472),(1054,21,479),(1055,21,487),(1056,21,489),(1057,21,495),(1058,22,10),(1059,22,12),(1060,22,36),(1061,22,38),(1062,22,39),(1063,22,40),(1064,22,45),(1065,22,56),(1066,22,68),(1067,22,69),(1068,22,85),(1069,22,94),(1070,22,114),(1071,22,127),(1072,22,130),(1073,22,140),(1074,22,155),(1075,22,168),(1076,22,174),(1077,22,189),(1078,22,204),(1079,22,223),(1080,22,225),(1081,22,226),(1082,22,237),(1083,22,246),(1084,22,248),(1085,22,251),(1086,22,253),(1087,22,255),(1088,22,268),(1089,22,270),(1090,22,286),(1091,22,290),(1092,22,291),(1093,22,292),(1094,22,301),(1095,22,303),(1096,22,312),(1097,22,325),(1098,22,335),(1099,22,354),(1100,22,362),(1101,22,363),(1102,22,366),(1103,22,377),(1104,22,378),(1105,22,387),(1106,22,402),(1107,22,406),(1108,22,408),(1109,22,421),(1110,22,427),(1111,22,437),(1112,22,452),(1113,22,463),(1114,22,467),(1115,22,476),(1116,22,483),(1117,22,485),(1118,23,1),(1119,23,9),(1120,23,12),(1121,23,20),(1122,23,22),(1123,23,25),(1124,23,32),(1125,23,41),(1126,23,59),(1127,23,64),(1128,23,67),(1129,23,70),(1130,23,72),(1131,23,76),(1132,23,82),(1133,23,103),(1134,23,117),(1135,23,126),(1136,23,128),(1137,23,139),(1138,23,152),(1139,23,163),(1140,23,165),(1141,23,170),(1142,23,175),(1143,23,191),(1144,23,193),(1145,23,198),(1146,23,215),(1147,23,232),(1148,23,240),(1149,23,252),(1150,23,273),(1151,23,278),(1152,23,283),(1153,23,289),(1154,23,300),(1155,23,317),(1156,23,339),(1157,23,342),(1158,23,348),(1159,23,358),(1160,23,360),(1161,23,384),(1162,23,397),(1163,23,398),(1164,23,413),(1165,23,414),(1166,23,420),(1167,23,425),(1168,23,449),(1169,23,450),(1170,23,479),(1171,23,484),(1172,24,14),(1173,24,18),(1174,24,22),(1175,24,24),(1176,24,28),(1177,24,30),(1178,24,31),(1179,24,33),(1180,24,45),(1181,24,59),(1182,24,62),(1183,24,71),(1184,24,74),(1185,24,79),(1186,24,80),(1187,24,94),(1188,24,101),(1189,24,109),(1190,24,123),(1191,24,130),(1192,24,148),(1193,24,149),(1194,24,151),(1195,24,163),(1196,24,169),(1197,24,173),(1198,24,184),(1199,24,202),(1200,24,207),(1201,24,218),(1202,24,224),(1203,24,233),(1204,24,243),(1205,24,245),(1206,24,246),(1207,24,256),(1208,24,273),(1209,24,281),(1210,24,293),(1211,24,319),(1212,24,334),(1213,24,356),(1214,24,357),(1215,24,365),(1216,24,367),(1217,24,370),(1218,24,378),(1219,24,379),(1220,24,388),(1221,24,392),(1222,24,394),(1223,24,399),(1224,24,424),(1225,24,427),(1226,24,434),(1227,24,457),(1228,24,460),(1229,24,461),(1230,24,463),(1231,24,467),(1232,24,476),(1233,24,479),(1234,24,480),(1235,24,485),(1236,24,489),(1237,24,498),(1238,25,3),(1239,25,15),(1240,25,16),(1241,25,30),(1242,25,31),(1243,25,50),(1244,25,51),(1245,25,54),(1246,25,71),(1247,25,73),(1248,25,74),(1249,25,95),(1250,25,97),(1251,25,145),(1252,25,150),(1253,25,153),(1254,25,165),(1255,25,171),(1256,25,178),(1257,25,180),(1258,25,187),(1259,25,217),(1260,25,225),(1261,25,230),(1262,25,234),(1263,25,239),(1264,25,247),(1265,25,262),(1266,25,273),(1267,25,279),(1268,25,280),(1269,25,309),(1270,25,315),(1271,25,322),(1272,25,324),(1273,25,329),(1274,25,344),(1275,25,349),(1276,25,353),(1277,25,356),(1278,25,361),(1279,25,363),(1280,25,378),(1281,25,416),(1282,25,422),(1283,25,430),(1284,25,444),(1285,25,454),(1286,25,463),(1287,25,479),(1288,25,483),(1289,25,485),(1290,25,489),(1291,25,497),(1292,25,499),(1293,25,500),(1294,26,37),(1295,26,41),(1296,26,49),(1297,26,51),(1298,26,57),(1299,26,58),(1300,26,75),(1301,26,84),(1302,26,131),(1303,26,153),(1304,26,155),(1305,26,192),(1306,26,227),(1307,26,228),(1308,26,245),(1309,26,262),(1310,26,302),(1311,26,306),(1312,26,315),(1313,26,345),(1314,26,346),(1315,26,371),(1316,26,376),(1317,26,382),(1318,26,499),(1319,27,14),(1320,27,16),(1321,27,19),(1322,27,47),(1323,27,53),(1324,27,55),(1325,27,57),(1326,27,63),(1327,27,66),(1328,27,73),(1329,27,86),(1330,27,136),(1331,27,156),(1332,27,157),(1333,27,176),(1334,27,189),(1335,27,194),(1336,27,233),(1337,27,245),(1338,27,282),(1339,27,291),(1340,27,315),(1341,27,330),(1342,27,341),(1343,27,365),(1344,27,366),(1345,27,373),(1346,27,380),(1347,27,388),(1348,27,400),(1349,27,419),(1350,27,443),(1351,27,444),(1352,27,455),(1353,27,494),(1354,28,11),(1355,28,13),(1356,28,16),(1357,28,42),(1358,28,64),(1359,28,71),(1360,28,78),(1361,28,94),(1362,28,159),(1363,28,160),(1364,28,185),(1365,28,191),(1366,28,192),(1367,28,213),(1368,28,247),(1369,28,296),(1370,28,305),(1371,28,336),(1372,28,373),(1373,28,382),(1374,28,390),(1375,28,391),(1376,28,392),(1377,28,426),(1378,28,438),(1379,28,448),(1380,28,451),(1381,28,460),(1382,29,20),(1383,29,22),(1384,29,27),(1385,29,28),(1386,29,39),(1387,29,42),(1388,29,44),(1389,29,71),(1390,29,72),(1391,29,75),(1392,29,84),(1393,29,125),(1394,29,133),(1395,29,162),(1396,29,164),(1397,29,167),(1398,29,175),(1399,29,186),(1400,29,199),(1401,29,209),(1402,29,244),(1403,29,253),(1404,29,263),(1405,29,270),(1406,29,272),(1407,29,294),(1408,29,302),(1409,29,308),(1410,29,318),(1411,29,321),(1412,29,323),(1413,29,329),(1414,29,333),(1415,29,346),(1416,29,351),(1417,29,353),(1418,29,356),(1419,29,362),(1420,29,377),(1421,29,381),(1422,29,385),(1423,29,403),(1424,29,419),(1425,29,440),(1426,29,453),(1427,29,462),(1428,29,478),(1429,29,482),(1430,29,486),(1431,29,490),(1432,30,3),(1433,30,14),(1434,30,25),(1435,30,26),(1436,30,32),(1437,30,34),(1438,30,63),(1439,30,73),(1440,30,76),(1441,30,84),(1442,30,92),(1443,30,107),(1444,30,111),(1445,30,117),(1446,30,119),(1447,30,130),(1448,30,159),(1449,30,161),(1450,30,166),(1451,30,171),(1452,30,173),(1453,30,213),(1454,30,215),(1455,30,221),(1456,30,234),(1457,30,251),(1458,30,252),(1459,30,253),(1460,30,254),(1461,30,265),(1462,30,274),(1463,30,277),(1464,30,300),(1465,30,317),(1466,30,348),(1467,30,369),(1468,30,388),(1469,30,394),(1470,30,401),(1471,30,403),(1472,30,407),(1473,30,408),(1474,30,417),(1475,30,419),(1476,30,420),(1477,30,437),(1478,30,441),(1479,30,467),(1480,30,469),(1481,30,477),(1482,30,484),(1483,30,489),(1484,30,496),(1485,31,4),(1486,31,34),(1487,31,50),(1488,31,53),(1489,31,65),(1490,31,76),(1491,31,85),(1492,31,87),(1493,31,97),(1494,31,104),(1495,31,107),(1496,31,110),(1497,31,144),(1498,31,148),(1499,31,155),(1500,31,164),(1501,31,165),(1502,31,166),(1503,31,185),(1504,31,187),(1505,31,192),(1506,31,195),(1507,31,228),(1508,31,233),(1509,31,236),(1510,31,240),(1511,31,241),(1512,31,244),(1513,31,245),(1514,31,251),(1515,31,259),(1516,31,260),(1517,31,270),(1518,31,275),(1519,31,278),(1520,31,280),(1521,31,316),(1522,31,321),(1523,31,323),(1524,31,324),(1525,31,329),(1526,31,334),(1527,31,348),(1528,31,363),(1529,31,368),(1530,31,382),(1531,31,390),(1532,31,394),(1533,31,405),(1534,31,407),(1535,31,413),(1536,31,416),(1537,31,431),(1538,31,441),(1539,31,444),(1540,31,447),(1541,31,450),(1542,31,456),(1543,31,462),(1544,31,463),(1545,31,479),(1546,31,486),(1547,31,500),(1548,32,24),(1549,32,67),(1550,32,70),(1551,32,88),(1552,32,112),(1553,32,115),(1554,32,184),(1555,32,186),(1556,32,218),(1557,32,245),(1558,32,283),(1559,32,304),(1560,32,315),(1561,32,327),(1562,32,328),(1563,32,345),(1564,32,358),(1565,32,395),(1566,32,400),(1567,32,410),(1568,32,453),(1569,32,468),(1570,32,473),(1571,32,475),(1572,32,487),(1573,33,4),(1574,33,23),(1575,33,47),(1576,33,61),(1577,33,62),(1578,33,65),(1579,33,74),(1580,33,99),(1581,33,109),(1582,33,123),(1583,33,133),(1584,33,138),(1585,33,167),(1586,33,173),(1587,33,211),(1588,33,218),(1589,33,241),(1590,33,248),(1591,33,249),(1592,33,281),(1593,33,291),(1594,33,305),(1595,33,328),(1596,33,348),(1597,33,352),(1598,33,371),(1599,33,409),(1600,33,410),(1601,33,419),(1602,33,436),(1603,33,498),(1604,33,499),(1605,34,11),(1606,34,12),(1607,34,17),(1608,34,34),(1609,34,36),(1610,34,38),(1611,34,51),(1612,34,65),(1613,34,72),(1614,34,74),(1615,34,82),(1616,34,85),(1617,34,89),(1618,34,92),(1619,34,94),(1620,34,95),(1621,34,108),(1622,34,115),(1623,34,119),(1624,34,123),(1625,34,133),(1626,34,152),(1627,34,158),(1628,34,172),(1629,34,173),(1630,34,189),(1631,34,196),(1632,34,197),(1633,34,209),(1634,34,217),(1635,34,221),(1636,34,229),(1637,34,240),(1638,34,247),(1639,34,250),(1640,34,270),(1641,34,276),(1642,34,285),(1643,34,299),(1644,34,301),(1645,34,304),(1646,34,306),(1647,34,318),(1648,34,322),(1649,34,325),(1650,34,327),(1651,34,333),(1652,34,343),(1653,34,344),(1654,34,348),(1655,34,354),(1656,34,356),(1657,34,360),(1658,34,368),(1659,34,373),(1660,34,377),(1661,34,382),(1662,34,390),(1663,34,394),(1664,34,406),(1665,34,421),(1666,34,424),(1667,34,432),(1668,34,437),(1669,34,441),(1670,34,462),(1671,34,476),(1672,34,482),(1673,34,484),(1674,34,486),(1675,34,497),(1676,34,498),(1677,35,2),(1678,35,7),(1679,35,16),(1680,35,20),(1681,35,51),(1682,35,67),(1683,35,85),(1684,35,100),(1685,35,103),(1686,35,109),(1687,35,110),(1688,35,131),(1689,35,139),(1690,35,144),(1691,35,145),(1692,35,159),(1693,35,175),(1694,35,190),(1695,35,191),(1696,35,194),(1697,35,201),(1698,35,209),(1699,35,221),(1700,35,225),(1701,35,228),(1702,35,229),(1703,35,234),(1704,35,250),(1705,35,274),(1706,35,276),(1707,35,285),(1708,35,291),(1709,35,295),(1710,35,298),(1711,35,307),(1712,35,310),(1713,35,327),(1714,35,333),(1715,35,340),(1716,35,347),(1717,35,364),(1718,35,372),(1719,35,394),(1720,35,395),(1721,35,403),(1722,35,421),(1723,35,426),(1724,35,432),(1725,35,448),(1726,35,468),(1727,35,470),(1728,35,473),(1729,35,485),(1730,36,3),(1731,36,4),(1732,36,5),(1733,36,18),(1734,36,33),(1735,36,38),(1736,36,39),(1737,36,48),(1738,36,89),(1739,36,109),(1740,36,125),(1741,36,126),(1742,36,140),(1743,36,144),(1744,36,145),(1745,36,148),(1746,36,149),(1747,36,160),(1748,36,162),(1749,36,172),(1750,36,183),(1751,36,189),(1752,36,192),(1753,36,197),(1754,36,204),(1755,36,210),(1756,36,211),(1757,36,226),(1758,36,242),(1759,36,246),(1760,36,279),(1761,36,281),(1762,36,294),(1763,36,338),(1764,36,341),(1765,36,349),(1766,36,355),(1767,36,361),(1768,36,384),(1769,36,390),(1770,36,394),(1771,36,406),(1772,36,435),(1773,36,441),(1774,36,450),(1775,36,455),(1776,36,464),(1777,36,478),(1778,36,479),(1779,36,481),(1780,36,482),(1781,36,484),(1782,37,2),(1783,37,5),(1784,37,15),(1785,37,19),(1786,37,34),(1787,37,37),(1788,37,43),(1789,37,44),(1790,37,47),(1791,37,49),(1792,37,63),(1793,37,69),(1794,37,74),(1795,37,106),(1796,37,111),(1797,37,114),(1798,37,115),(1799,37,125),(1800,37,131),(1801,37,139),(1802,37,151),(1803,37,158),(1804,37,161),(1805,37,162),(1806,37,175),(1807,37,183),(1808,37,188),(1809,37,189),(1810,37,191),(1811,37,193),(1812,37,226),(1813,37,245),(1814,37,278),(1815,37,296),(1816,37,310),(1817,37,315),(1818,37,316),(1819,37,328),(1820,37,340),(1821,37,367),(1822,37,371),(1823,37,375),(1824,37,394),(1825,37,406),(1826,37,407),(1827,37,409),(1828,37,414),(1829,37,418),(1830,37,426),(1831,37,428),(1832,37,429),(1833,37,432),(1834,37,434),(1835,37,438),(1836,37,453),(1837,37,454),(1838,37,455),(1839,37,459),(1840,37,471),(1841,37,480),(1842,37,482),(1843,37,487),(1844,37,488),(1845,37,500),(1846,38,35),(1847,38,37),(1848,38,51),(1849,38,53),(1850,38,68),(1851,38,71),(1852,38,80),(1853,38,110),(1854,38,120),(1855,38,124),(1856,38,160),(1857,38,168),(1858,38,173),(1859,38,175),(1860,38,181),(1861,38,200),(1862,38,203),(1863,38,205),(1864,38,236),(1865,38,248),(1866,38,265),(1867,38,272),(1868,38,307),(1869,38,311),(1870,38,316),(1871,38,320),(1872,38,324),(1873,38,346),(1874,38,397),(1875,38,411),(1876,38,416),(1877,38,432),(1878,38,433),(1879,38,436),(1880,38,464),(1881,38,469),(1882,38,486),(1883,39,41),(1884,39,48),(1885,39,56),(1886,39,95),(1887,39,113),(1888,39,132),(1889,39,246),(1890,39,248),(1891,39,263),(1892,39,277),(1893,39,298),(1894,39,303),(1895,39,347),(1896,39,352),(1897,39,360),(1898,39,361),(1899,39,395),(1900,39,402),(1901,39,409),(1902,39,427),(1903,39,439),(1904,39,443),(1905,39,456),(1906,39,483),(1907,39,491),(1908,39,496),(1909,40,7),(1910,40,13),(1911,40,23),(1912,40,43),(1913,40,50),(1914,40,66),(1915,40,67),(1916,40,92),(1917,40,96),(1918,40,101),(1919,40,111),(1920,40,112),(1921,40,127),(1922,40,141),(1923,40,169),(1924,40,173),(1925,40,198),(1926,40,207),(1927,40,212),(1928,40,227),(1929,40,243),(1930,40,244),(1931,40,247),(1932,40,259),(1933,40,265),(1934,40,268),(1935,40,275),(1936,40,281),(1937,40,285),(1938,40,294),(1939,40,295),(1940,40,305),(1941,40,314),(1942,40,338),(1943,40,340),(1944,40,349),(1945,40,353),(1946,40,356),(1947,40,361),(1948,40,367),(1949,40,374),(1950,40,390),(1951,40,416),(1952,40,420),(1953,40,421),(1954,40,426),(1955,40,430),(1956,40,440),(1957,40,454),(1958,40,467),(1959,40,472),(1960,40,483),(1961,41,1),(1962,41,3),(1963,41,5),(1964,41,30),(1965,41,41),(1966,41,43),(1967,41,69),(1968,41,74),(1969,41,81),(1970,41,84),(1971,41,110),(1972,41,120),(1973,41,141),(1974,41,170),(1975,41,181),(1976,41,185),(1977,41,191),(1978,41,192),(1979,41,199),(1980,41,208),(1981,41,214),(1982,41,229),(1983,41,232),(1984,41,242),(1985,41,249),(1986,41,259),(1987,41,263),(1988,41,280),(1989,41,299),(1990,41,311),(1991,41,327),(1992,41,355),(1993,41,370),(1994,41,402),(1995,41,440),(1996,41,450),(1997,41,459),(1998,41,460),(1999,41,490),(2000,42,23),(2001,42,27),(2002,42,47),(2003,42,122),(2004,42,134),(2005,42,139),(2006,42,145),(2007,42,149),(2008,42,165),(2009,42,250),(2010,42,257),(2011,42,259),(2012,42,293),(2013,42,304),(2014,42,325),(2015,42,329),(2016,42,330),(2017,42,349),(2018,42,368),(2019,42,384),(2020,42,388),(2021,42,389),(2022,42,410),(2023,42,412),(2024,42,446),(2025,42,470),(2026,42,477),(2027,43,19),(2028,43,75),(2029,43,82),(2030,43,103),(2031,43,105),(2032,43,108),(2033,43,132),(2034,43,140),(2035,43,143),(2036,43,147),(2037,43,153),(2038,43,156),(2039,43,198),(2040,43,227),(2041,43,251),(2042,43,270),(2043,43,286),(2044,43,306),(2045,43,350),(2046,43,398),(2047,43,406),(2048,43,413),(2049,43,415),(2050,43,430),(2051,43,436),(2052,43,441),(2053,43,442),(2054,43,447),(2055,43,481),(2056,43,482),(2057,43,494),(2058,43,500),(2059,44,28),(2060,44,29),(2061,44,31),(2062,44,35),(2063,44,40),(2064,44,75),(2065,44,92),(2066,44,108),(2067,44,118),(2068,44,120),(2069,44,126),(2070,44,173),(2071,44,175),(2072,44,182),(2073,44,193),(2074,44,200),(2075,44,222),(2076,44,232),(2077,44,233),(2078,44,238),(2079,44,243),(2080,44,249),(2081,44,252),(2082,44,274),(2083,44,278),(2084,44,281),(2085,44,293),(2086,44,305),(2087,44,312),(2088,44,323),(2089,44,344),(2090,44,359),(2091,44,373),(2092,44,383),(2093,44,397),(2094,44,414),(2095,44,416),(2096,44,420),(2097,44,441),(2098,44,442),(2099,44,457),(2100,44,459),(2101,44,467),(2102,44,471),(2103,44,478),(2104,44,495),(2105,45,3),(2106,45,4),(2107,45,18),(2108,45,30),(2109,45,60),(2110,45,62),(2111,45,67),(2112,45,68),(2113,45,98),(2114,45,99),(2115,45,106),(2116,45,118),(2117,45,146),(2118,45,150),(2119,45,171),(2120,45,174),(2121,45,183),(2122,45,196),(2123,45,229),(2124,45,237),(2125,45,240),(2126,45,252),(2127,45,270),(2128,45,272),(2129,45,283),(2130,45,292),(2131,45,308),(2132,45,310),(2133,45,332),(2134,45,348),(2135,45,354),(2136,45,355),(2137,45,360),(2138,45,361),(2139,45,366),(2140,45,369),(2141,45,376),(2142,45,389),(2143,45,392),(2144,45,399),(2145,45,424),(2146,45,427),(2147,45,429),(2148,45,431),(2149,45,432),(2150,45,440),(2151,45,441),(2152,45,442),(2153,45,454),(2154,45,455),(2155,45,456),(2156,45,493),(2157,45,500),(2158,46,13),(2159,46,35),(2160,46,40),(2161,46,57),(2162,46,75),(2163,46,79),(2164,46,85),(2165,46,86),(2166,46,104),(2167,46,116),(2168,46,119),(2169,46,120),(2170,46,132),(2171,46,144),(2172,46,149),(2173,46,155),(2174,46,157),(2175,46,179),(2176,46,184),(2177,46,187),(2178,46,199),(2179,46,209),(2180,46,210),(2181,46,217),(2182,46,222),(2183,46,224),(2184,46,232),(2185,46,235),(2186,46,236),(2187,46,239),(2188,46,240),(2189,46,244),(2190,46,246),(2191,46,259),(2192,46,260),(2193,46,266),(2194,46,268),(2195,46,280),(2196,46,282),(2197,46,295),(2198,46,302),(2199,46,305),(2200,46,310),(2201,46,325),(2202,46,341),(2203,46,355),(2204,46,367),(2205,46,370),(2206,46,386),(2207,46,389),(2208,46,400),(2209,46,401),(2210,46,413),(2211,46,422),(2212,46,423),(2213,46,424),(2214,46,426),(2215,46,440),(2216,46,446),(2217,46,450),(2218,46,457),(2219,46,465),(2220,46,480),(2221,46,484),(2222,46,488),(2223,46,497),(2224,47,5),(2225,47,9),(2226,47,10),(2227,47,17),(2228,47,28),(2229,47,30),(2230,47,37),(2231,47,39),(2232,47,53),(2233,47,56),(2234,47,70),(2235,47,80),(2236,47,89),(2237,47,94),(2238,47,96),(2239,47,103),(2240,47,109),(2241,47,123),(2242,47,133),(2243,47,146),(2244,47,176),(2245,47,178),(2246,47,182),(2247,47,186),(2248,47,206),(2249,47,255),(2250,47,257),(2251,47,261),(2252,47,269),(2253,47,282),(2254,47,283),(2255,47,289),(2256,47,299),(2257,47,306),(2258,47,323),(2259,47,324),(2260,47,325),(2261,47,331),(2262,47,341),(2263,47,343),(2264,47,344),(2265,47,354),(2266,47,365),(2267,47,379),(2268,47,384),(2269,47,385),(2270,47,387),(2271,47,395),(2272,47,403),(2273,47,410),(2274,47,417),(2275,47,418),(2276,47,449),(2277,47,463),(2278,47,467),(2279,47,480),(2280,47,483),(2281,47,486),(2282,47,496),(2283,48,45),(2284,48,50),(2285,48,64),(2286,48,70),(2287,48,86),(2288,48,107),(2289,48,128),(2290,48,140),(2291,48,201),(2292,48,205),(2293,48,206),(2294,48,209),(2295,48,222),(2296,48,227),(2297,48,232),(2298,48,242),(2299,48,264),(2300,48,265),(2301,48,266),(2302,48,301),(2303,48,303),(2304,48,308),(2305,48,311),(2306,48,317),(2307,48,339),(2308,48,365),(2309,48,368),(2310,48,382),(2311,48,383),(2312,48,394),(2313,48,397),(2314,48,409),(2315,48,410),(2316,48,416),(2317,48,427),(2318,48,435),(2319,48,441),(2320,48,447),(2321,48,460),(2322,48,461),(2323,48,480),(2324,48,488),(2325,48,499),(2326,49,5),(2327,49,9),(2328,49,15),(2329,49,31),(2330,49,38),(2331,49,42),(2332,49,65),(2333,49,86),(2334,49,92),(2335,49,104),(2336,49,120),(2337,49,143),(2338,49,162),(2339,49,184),(2340,49,195),(2341,49,206),(2342,49,212),(2343,49,213),(2344,49,217),(2345,49,223),(2346,49,248),(2347,49,264),(2348,49,282),(2349,49,300),(2350,49,337),(2351,49,344),(2352,49,346),(2353,49,371),(2354,49,417),(2355,49,420),(2356,49,447),(2357,49,462),(2358,49,465),(2359,49,482),(2360,49,493),(2361,49,494),(2362,49,498),(2363,50,5),(2364,50,30),(2365,50,31),(2366,50,34),(2367,50,38),(2368,50,51),(2369,50,66),(2370,50,68),(2371,50,71),(2372,50,101),(2373,50,110),(2374,50,114),(2375,50,139),(2376,50,163),(2377,50,166),(2378,50,169),(2379,50,171),(2380,50,183),(2381,50,197),(2382,50,199),(2383,50,202),(2384,50,208),(2385,50,211),(2386,50,234),(2387,50,237),(2388,50,243),(2389,50,245),(2390,50,261),(2391,50,268),(2392,50,275),(2393,50,296),(2394,50,299),(2395,50,300),(2396,50,302),(2397,50,304),(2398,50,307),(2399,50,308),(2400,50,309),(2401,50,311),(2402,50,313),(2403,50,315),(2404,50,320),(2405,50,323),(2406,50,326),(2407,50,339),(2408,50,342),(2409,50,345),(2410,50,348),(2411,50,354),(2412,50,359),(2413,50,360),(2414,50,365),(2415,50,379),(2416,50,387),(2417,50,388),(2418,50,395),(2419,50,398),(2420,50,400),(2421,50,417),(2422,50,444),(2423,50,450),(2424,50,452),(2425,50,455),(2426,50,469),(2427,50,473),(2428,50,494),(2429,51,22),(2430,51,44),(2431,51,56),(2432,51,63),(2433,51,65),(2434,51,71),(2435,51,73),(2436,51,79),(2437,51,97),(2438,51,98),(2439,51,101),(2440,51,104),(2441,51,106),(2442,51,107),(2443,51,118),(2444,51,126),(2445,51,159),(2446,51,167),(2447,51,172),(2448,51,194),(2449,51,223),(2450,51,254),(2451,51,259),(2452,51,262),(2453,51,300),(2454,51,301),(2455,51,340),(2456,51,388),(2457,51,393),(2458,51,398),(2459,51,405),(2460,51,407),(2461,51,427),(2462,51,462),(2463,51,481),(2464,51,484),(2465,52,10),(2466,52,23),(2467,52,58),(2468,52,71),(2469,52,93),(2470,52,103),(2471,52,151),(2472,52,160),(2473,52,161),(2474,52,180),(2475,52,182),(2476,52,188),(2477,52,190),(2478,52,211),(2479,52,288),(2480,52,305),(2481,52,320),(2482,52,354),(2483,52,355),(2484,52,414),(2485,52,419),(2486,52,421),(2487,52,423),(2488,52,444),(2489,52,453),(2490,53,5),(2491,53,21),(2492,53,42),(2493,53,59),(2494,53,87),(2495,53,94),(2496,53,95),(2497,53,97),(2498,53,172),(2499,53,173),(2500,53,175),(2501,53,181),(2502,53,193),(2503,53,218),(2504,53,219),(2505,53,235),(2506,53,240),(2507,53,246),(2508,53,258),(2509,53,320),(2510,53,335),(2511,53,367),(2512,53,371),(2513,53,395),(2514,53,406),(2515,53,415),(2516,53,431),(2517,53,440),(2518,53,444),(2519,53,447),(2520,53,448),(2521,53,462),(2522,53,478),(2523,53,482),(2524,53,497),(2525,53,499),(2526,53,500),(2527,54,24),(2528,54,31),(2529,54,38),(2530,54,46),(2531,54,61),(2532,54,71),(2533,54,77),(2534,54,79),(2535,54,81),(2536,54,87),(2537,54,89),(2538,54,91),(2539,54,99),(2540,54,104),(2541,54,123),(2542,54,129),(2543,54,159),(2544,54,160),(2545,54,170),(2546,54,171),(2547,54,190),(2548,54,196),(2549,54,206),(2550,54,213),(2551,54,219),(2552,54,222),(2553,54,223),(2554,54,225),(2555,54,233),(2556,54,245),(2557,54,275),(2558,54,276),(2559,54,295),(2560,54,299),(2561,54,303),(2562,54,310),(2563,54,317),(2564,54,318),(2565,54,324),(2566,54,338),(2567,54,342),(2568,54,349),(2569,54,353),(2570,54,356),(2571,54,372),(2572,54,378),(2573,54,388),(2574,54,389),(2575,54,391),(2576,54,392),(2577,54,402),(2578,54,405),(2579,54,406),(2580,54,413),(2581,54,427),(2582,54,431),(2583,54,442),(2584,54,443),(2585,54,498),(2586,55,9),(2587,55,13),(2588,55,37),(2589,55,38),(2590,55,44),(2591,55,49),(2592,55,53),(2593,55,62),(2594,55,78),(2595,55,84),(2596,55,106),(2597,55,117),(2598,55,120),(2599,55,123),(2600,55,133),(2601,55,134),(2602,55,136),(2603,55,156),(2604,55,162),(2605,55,181),(2606,55,199),(2607,55,206),(2608,55,210),(2609,55,217),(2610,55,227),(2611,55,234),(2612,55,235),(2613,55,243),(2614,55,252),(2615,55,272),(2616,55,275),(2617,55,289),(2618,55,307),(2619,55,311),(2620,55,319),(2621,55,325),(2622,55,329),(2623,55,343),(2624,55,366),(2625,55,369),(2626,55,395),(2627,55,397),(2628,55,404),(2629,55,415),(2630,55,434),(2631,55,438),(2632,55,443),(2633,55,444),(2634,55,446),(2635,55,451),(2636,55,459),(2637,55,460),(2638,55,462),(2639,55,466),(2640,55,473),(2641,55,474),(2642,55,479),(2643,55,485),(2644,55,498),(2645,56,10),(2646,56,54),(2647,56,92),(2648,56,108),(2649,56,132),(2650,56,142),(2651,56,161),(2652,56,191),(2653,56,199),(2654,56,204),(2655,56,226),(2656,56,242),(2657,56,244),(2658,56,247),(2659,56,268),(2660,56,282),(2661,56,294),(2662,56,325),(2663,56,330),(2664,56,331),(2665,56,338),(2666,56,386),(2667,56,393),(2668,56,397),(2669,56,400),(2670,56,412),(2671,56,418),(2672,56,425),(2673,56,432),(2674,56,433),(2675,56,452),(2676,56,474),(2677,56,486),(2678,57,23),(2679,57,78),(2680,57,92),(2681,57,97),(2682,57,141),(2683,57,156),(2684,57,161),(2685,57,163),(2686,57,167),(2687,57,211),(2688,57,212),(2689,57,225),(2690,57,228),(2691,57,241),(2692,57,245),(2693,57,248),(2694,57,251),(2695,57,266),(2696,57,284),(2697,57,327),(2698,57,334),(2699,57,340),(2700,57,349),(2701,57,359),(2702,57,395),(2703,57,399),(2704,57,407),(2705,57,416),(2706,57,419),(2707,57,471),(2708,58,1),(2709,58,12),(2710,58,27),(2711,58,35),(2712,58,43),(2713,58,47),(2714,58,48),(2715,58,55),(2716,58,60),(2717,58,68),(2718,58,93),(2719,58,94),(2720,58,101),(2721,58,118),(2722,58,123),(2723,58,132),(2724,58,133),(2725,58,138),(2726,58,148),(2727,58,151),(2728,58,155),(2729,58,159),(2730,58,184),(2731,58,194),(2732,58,202),(2733,58,215),(2734,58,220),(2735,58,225),(2736,58,227),(2737,58,238),(2738,58,249),(2739,58,260),(2740,58,268),(2741,58,270),(2742,58,277),(2743,58,290),(2744,58,293),(2745,58,298),(2746,58,312),(2747,58,314),(2748,58,324),(2749,58,327),(2750,58,335),(2751,58,338),(2752,58,350),(2753,58,356),(2754,58,362),(2755,58,373),(2756,58,381),(2757,58,384),(2758,58,400),(2759,58,404),(2760,58,405),(2761,58,406),(2762,58,409),(2763,58,419),(2764,58,422),(2765,58,432),(2766,58,442),(2767,58,453),(2768,58,459),(2769,58,460),(2770,58,461),(2771,58,475),(2772,58,481),(2773,59,3),(2774,59,45),(2775,59,67),(2776,59,75),(2777,59,78),(2778,59,79),(2779,59,85),(2780,59,90),(2781,59,97),(2782,59,105),(2783,59,110),(2784,59,126),(2785,59,141),(2786,59,168),(2787,59,173),(2788,59,185),(2789,59,217),(2790,59,220),(2791,59,259),(2792,59,263),(2793,59,285),(2794,59,294),(2795,59,295),(2796,59,302),(2797,59,314),(2798,59,317),(2799,59,327),(2800,59,354),(2801,59,364),(2802,59,367),(2803,59,379),(2804,59,381),(2805,59,383),(2806,59,413),(2807,59,437),(2808,59,443),(2809,59,452),(2810,59,460),(2811,59,478),(2812,60,11),(2813,60,12),(2814,60,19),(2815,60,33),(2816,60,40),(2817,60,44),(2818,60,59),(2819,60,95),(2820,60,96),(2821,60,118),(2822,60,120),(2823,60,124),(2824,60,125),(2825,60,140),(2826,60,159),(2827,60,175),(2828,60,177),(2829,60,198),(2830,60,201),(2831,60,204),(2832,60,216),(2833,60,223),(2834,60,258),(2835,60,260),(2836,60,261),(2837,60,266),(2838,60,278),(2839,60,303),(2840,60,310),(2841,60,313),(2842,60,321),(2843,60,333),(2844,60,349),(2845,60,373),(2846,60,375),(2847,60,397),(2848,60,405),(2849,60,416),(2850,60,435),(2851,60,438),(2852,60,442),(2853,60,453),(2854,60,457),(2855,60,467),(2856,60,474),(2857,60,480),(2858,60,492),(2859,61,3),(2860,61,27),(2861,61,76),(2862,61,86),(2863,61,100),(2864,61,102),(2865,61,105),(2866,61,114),(2867,61,115),(2868,61,116),(2869,61,146),(2870,61,153),(2871,61,159),(2872,61,164),(2873,61,170),(2874,61,194),(2875,61,204),(2876,61,228),(2877,61,231),(2878,61,234),(2879,61,237),(2880,61,239),(2881,61,265),(2882,61,267),(2883,61,271),(2884,61,272),(2885,61,284),(2886,61,294),(2887,61,296),(2888,61,302),(2889,61,307),(2890,61,308),(2891,61,311),(2892,61,338),(2893,61,339),(2894,61,369),(2895,61,370),(2896,61,372),(2897,61,373),(2898,61,386),(2899,61,392),(2900,61,407),(2901,61,415),(2902,61,422),(2903,61,427),(2904,61,429),(2905,61,439),(2906,61,442),(2907,61,443),(2908,61,460),(2909,61,463),(2910,61,480),(2911,61,482),(2912,62,13),(2913,62,17),(2914,62,19),(2915,62,29),(2916,62,31),(2917,62,36),(2918,62,51),(2919,62,64),(2920,62,75),(2921,62,76),(2922,62,110),(2923,62,115),(2924,62,148),(2925,62,150),(2926,62,151),(2927,62,152),(2928,62,221),(2929,62,239),(2930,62,245),(2931,62,280),(2932,62,410),(2933,62,452),(2934,62,468),(2935,62,479),(2936,62,487),(2937,62,500),(2938,63,1),(2939,63,3),(2940,63,9),(2941,63,15),(2942,63,17),(2943,63,22),(2944,63,31),(2945,63,45),(2946,63,58),(2947,63,69),(2948,63,70),(2949,63,84),(2950,63,103),(2951,63,119),(2952,63,131),(2953,63,149),(2954,63,168),(2955,63,180),(2956,63,190),(2957,63,195),(2958,63,202),(2959,63,211),(2960,63,216),(2961,63,244),(2962,63,252),(2963,63,255),(2964,63,258),(2965,63,260),(2966,63,261),(2967,63,265),(2968,63,275),(2969,63,283),(2970,63,293),(2971,63,294),(2972,63,296),(2973,63,297),(2974,63,307),(2975,63,311),(2976,63,332),(2977,63,336),(2978,63,337),(2979,63,342),(2980,63,348),(2981,63,357),(2982,63,361),(2983,63,362),(2984,63,365),(2985,63,368),(2986,63,374),(2987,63,380),(2988,63,382),(2989,63,384),(2990,63,391),(2991,63,399),(2992,63,404),(2993,63,415),(2994,63,421),(2995,63,428),(2996,63,442),(2997,63,446),(2998,63,455),(2999,63,463),(3000,63,466),(3001,63,485),(3002,63,494),(3003,63,495),(3004,63,498),(3005,64,2),(3006,64,29),(3007,64,39),(3008,64,86),(3009,64,91),(3010,64,104),(3011,64,105),(3012,64,141),(3013,64,156),(3014,64,169),(3015,64,171),(3016,64,180),(3017,64,216),(3018,64,229),(3019,64,237),(3020,64,252),(3021,64,272),(3022,64,290),(3023,64,300),(3024,64,317),(3025,64,362),(3026,64,407),(3027,64,461),(3028,64,464),(3029,64,495),(3030,65,4),(3031,65,37),(3032,65,43),(3033,65,46),(3034,65,83),(3035,65,92),(3036,65,100),(3037,65,105),(3038,65,140),(3039,65,194),(3040,65,267),(3041,65,292),(3042,65,332),(3043,65,369),(3044,65,381),(3045,65,385),(3046,65,400),(3047,65,415),(3048,65,442),(3049,65,443),(3050,65,445),(3051,65,447),(3052,65,466),(3053,65,471),(3054,65,485),(3055,66,3),(3056,66,8),(3057,66,9),(3058,66,29),(3059,66,40),(3060,66,50),(3061,66,52),(3062,66,55),(3063,66,56),(3064,66,60),(3065,66,61),(3066,66,66),(3067,66,67),(3068,66,73),(3069,66,80),(3070,66,81),(3071,66,102),(3072,66,135),(3073,66,140),(3074,66,151),(3075,66,154),(3076,66,155),(3077,66,157),(3078,66,160),(3079,66,164),(3080,66,177),(3081,66,184),(3082,66,191),(3083,66,210),(3084,66,228),(3085,66,250),(3086,66,252),(3087,66,257),(3088,66,263),(3089,66,271),(3090,66,272),(3091,66,294),(3092,66,301),(3093,66,304),(3094,66,313),(3095,66,325),(3096,66,327),(3097,66,331),(3098,66,338),(3099,66,343),(3100,66,361),(3101,66,363),(3102,66,369),(3103,66,372),(3104,66,384),(3105,66,388),(3106,66,419),(3107,66,442),(3108,66,469),(3109,66,472),(3110,66,481),(3111,66,484),(3112,66,491),(3113,66,500),(3114,67,16),(3115,67,22),(3116,67,27),(3117,67,29),(3118,67,34),(3119,67,67),(3120,67,76),(3121,67,85),(3122,67,129),(3123,67,148),(3124,67,176),(3125,67,179),(3126,67,183),(3127,67,184),(3128,67,201),(3129,67,206),(3130,67,231),(3131,67,233),(3132,67,247),(3133,67,251),(3134,67,290),(3135,67,292),(3136,67,305),(3137,67,309),(3138,67,318),(3139,67,325),(3140,67,334),(3141,67,348),(3142,67,365),(3143,67,366),(3144,67,391),(3145,67,392),(3146,67,416),(3147,67,443),(3148,67,444),(3149,67,454),(3150,67,486),(3151,68,15),(3152,68,38),(3153,68,41),(3154,68,45),(3155,68,46),(3156,68,49),(3157,68,59),(3158,68,84),(3159,68,108),(3160,68,111),(3161,68,120),(3162,68,139),(3163,68,153),(3164,68,155),(3165,68,163),(3166,68,171),(3167,68,180),(3168,68,184),(3169,68,190),(3170,68,196),(3171,68,199),(3172,68,203),(3173,68,208),(3174,68,224),(3175,68,237),(3176,68,238),(3177,68,266),(3178,68,286),(3179,68,301),(3180,68,305),(3181,68,307),(3182,68,368),(3183,68,399),(3184,68,408),(3185,68,409),(3186,68,442),(3187,68,452),(3188,68,455),(3189,68,470),(3190,68,472),(3191,68,476),(3192,68,481),(3193,68,482),(3194,68,487),(3195,68,489),(3196,69,1),(3197,69,10),(3198,69,11),(3199,69,16),(3200,69,20),(3201,69,23),(3202,69,35),(3203,69,47),(3204,69,57),(3205,69,66),(3206,69,76),(3207,69,80),(3208,69,83),(3209,69,89),(3210,69,99),(3211,69,119),(3212,69,123),(3213,69,124),(3214,69,127),(3215,69,135),(3216,69,138),(3217,69,144),(3218,69,148),(3219,69,153),(3220,69,180),(3221,69,189),(3222,69,202),(3223,69,206),(3224,69,208),(3225,69,209),(3226,69,217),(3227,69,219),(3228,69,222),(3229,69,226),(3230,69,245),(3231,69,263),(3232,69,277),(3233,69,300),(3234,69,308),(3235,69,310),(3236,69,311),(3237,69,315),(3238,69,320),(3239,69,328),(3240,69,341),(3241,69,351),(3242,69,360),(3243,69,375),(3244,69,385),(3245,69,386),(3246,69,387),(3247,69,390),(3248,69,391),(3249,69,402),(3250,69,424),(3251,69,426),(3252,69,429),(3253,69,432),(3254,69,435),(3255,69,436),(3256,69,440),(3257,69,453),(3258,69,454),(3259,69,455),(3260,69,475),(3261,69,487),(3262,69,497),(3263,70,6),(3264,70,12),(3265,70,14),(3266,70,24),(3267,70,27),(3268,70,42),(3269,70,44),(3270,70,45),(3271,70,52),(3272,70,55),(3273,70,56),(3274,70,92),(3275,70,95),(3276,70,96),(3277,70,98),(3278,70,99),(3279,70,107),(3280,70,113),(3281,70,121),(3282,70,127),(3283,70,128),(3284,70,143),(3285,70,153),(3286,70,157),(3287,70,160),(3288,70,181),(3289,70,182),(3290,70,196),(3291,70,197),(3292,70,200),(3293,70,203),(3294,70,208),(3295,70,209),(3296,70,211),(3297,70,223),(3298,70,225),(3299,70,226),(3300,70,229),(3301,70,230),(3302,70,232),(3303,70,234),(3304,70,242),(3305,70,247),(3306,70,259),(3307,70,267),(3308,70,270),(3309,70,273),(3310,70,278),(3311,70,287),(3312,70,303),(3313,70,342),(3314,70,343),(3315,70,350),(3316,70,352),(3317,70,366),(3318,70,372),(3319,70,437),(3320,70,440),(3321,70,446),(3322,70,449),(3323,71,11),(3324,71,30),(3325,71,51),(3326,71,64),(3327,71,72),(3328,71,79),(3329,71,87),(3330,71,88),(3331,71,112),(3332,71,114),(3333,71,118),(3334,71,148),(3335,71,161),(3336,71,230),(3337,71,231),(3338,71,244),(3339,71,252),(3340,71,256),(3341,71,265),(3342,71,274),(3343,71,286),(3344,71,289),(3345,71,317),(3346,71,362),(3347,71,370),(3348,71,391),(3349,71,428),(3350,71,488),(3351,72,9),(3352,72,15),(3353,72,28),(3354,72,37),(3355,72,39),(3356,72,44),(3357,72,52),(3358,72,76),(3359,72,87),(3360,72,93),(3361,72,94),(3362,72,98),(3363,72,99),(3364,72,102),(3365,72,103),(3366,72,113),(3367,72,129),(3368,72,142),(3369,72,148),(3370,72,149),(3371,72,155),(3372,72,171),(3373,72,178),(3374,72,189),(3375,72,197),(3376,72,210),(3377,72,216),(3378,72,219),(3379,72,225),(3380,72,231),(3381,72,235),(3382,72,240),(3383,72,257),(3384,72,271),(3385,72,272),(3386,72,285),(3387,72,286),(3388,72,291),(3389,72,292),(3390,72,293),(3391,72,300),(3392,72,306),(3393,72,313),(3394,72,318),(3395,72,338),(3396,72,363),(3397,72,384),(3398,72,387),(3399,72,395),(3400,72,396),(3401,72,403),(3402,72,408),(3403,72,412),(3404,72,430),(3405,72,431),(3406,72,441),(3407,72,445),(3408,72,446),(3409,72,449),(3410,72,462),(3411,72,465),(3412,72,480),(3413,72,493),(3414,72,499),(3415,73,5),(3416,73,6),(3417,73,23),(3418,73,46),(3419,73,67),(3420,73,72),(3421,73,74),(3422,73,123),(3423,73,131),(3424,73,150),(3425,73,185),(3426,73,189),(3427,73,190),(3428,73,198),(3429,73,199),(3430,73,207),(3431,73,208),(3432,73,209),(3433,73,210),(3434,73,234),(3435,73,241),(3436,73,255),(3437,73,285),(3438,73,291),(3439,73,324),(3440,73,325),(3441,73,328),(3442,73,330),(3443,73,348),(3444,73,371),(3445,73,373),(3446,73,377),(3447,73,384),(3448,73,389),(3449,73,391),(3450,73,394),(3451,73,447),(3452,73,448),(3453,73,453),(3454,73,456),(3455,73,459),(3456,73,460),(3457,73,463),(3458,73,465),(3459,73,467),(3460,73,487),(3461,73,489),(3462,74,43),(3463,74,50),(3464,74,58),(3465,74,68),(3466,74,81),(3467,74,83),(3468,74,103),(3469,74,111),(3470,74,114),(3471,74,116),(3472,74,121),(3473,74,126),(3474,74,128),(3475,74,137),(3476,74,140),(3477,74,148),(3478,74,152),(3479,74,171),(3480,74,181),(3481,74,194),(3482,74,203),(3483,74,227),(3484,74,238),(3485,74,250),(3486,74,267),(3487,74,271),(3488,74,275),(3489,74,288),(3490,74,311),(3491,74,314),(3492,74,322),(3493,74,327),(3494,74,339),(3495,74,354),(3496,74,356),(3497,74,367),(3498,74,393),(3499,74,394),(3500,74,396),(3501,74,400),(3502,74,402),(3503,74,416),(3504,74,420),(3505,74,439),(3506,74,444),(3507,74,447),(3508,74,448),(3509,74,458),(3510,74,462),(3511,74,470),(3512,74,474),(3513,74,482),(3514,74,489),(3515,74,495),(3516,74,498),(3517,75,28),(3518,75,44),(3519,75,80),(3520,75,99),(3521,75,106),(3522,75,108),(3523,75,111),(3524,75,121),(3525,75,135),(3526,75,149),(3527,75,167),(3528,75,219),(3529,75,228),(3530,75,229),(3531,75,232),(3532,75,257),(3533,75,262),(3534,75,268),(3535,75,297),(3536,75,300),(3537,75,301),(3538,75,315),(3539,75,317),(3540,75,358),(3541,75,359),(3542,75,363),(3543,75,364),(3544,75,381),(3545,75,395),(3546,75,402),(3547,75,445),(3548,75,452),(3549,75,470),(3550,75,479),(3551,75,481),(3552,75,496),(3553,76,9),(3554,76,20),(3555,76,26),(3556,76,48),(3557,76,60),(3558,76,69),(3559,76,84),(3560,76,88),(3561,76,92),(3562,76,119),(3563,76,136),(3564,76,143),(3565,76,204),(3566,76,206),(3567,76,221),(3568,76,235),(3569,76,241),(3570,76,279),(3571,76,280),(3572,76,293),(3573,76,298),(3574,76,304),(3575,76,344),(3576,76,367),(3577,76,374),(3578,76,400),(3579,76,402),(3580,76,413),(3581,76,427),(3582,76,430),(3583,76,433),(3584,76,437),(3585,76,443),(3586,76,449),(3587,76,458),(3588,76,461),(3589,76,465),(3590,76,475),(3591,76,481),(3592,76,482),(3593,76,488),(3594,76,493),(3595,77,4),(3596,77,7),(3597,77,9),(3598,77,14),(3599,77,15),(3600,77,19),(3601,77,31),(3602,77,39),(3603,77,60),(3604,77,103),(3605,77,111),(3606,77,118),(3607,77,123),(3608,77,129),(3609,77,133),(3610,77,138),(3611,77,145),(3612,77,164),(3613,77,169),(3614,77,184),(3615,77,187),(3616,77,204),(3617,77,237),(3618,77,242),(3619,77,245),(3620,77,249),(3621,77,253),(3622,77,254),(3623,77,257),(3624,77,258),(3625,77,259),(3626,77,284),(3627,77,311),(3628,77,317),(3629,77,320),(3630,77,326),(3631,77,341),(3632,77,344),(3633,77,389),(3634,77,396),(3635,77,408),(3636,77,409),(3637,77,419),(3638,77,444),(3639,77,445),(3640,77,450),(3641,77,451),(3642,77,463),(3643,77,467),(3644,77,470),(3645,77,484),(3646,77,492),(3647,77,498),(3648,77,499),(3649,78,2),(3650,78,6),(3651,78,15),(3652,78,28),(3653,78,35),(3654,78,88),(3655,78,92),(3656,78,114),(3657,78,122),(3658,78,124),(3659,78,155),(3660,78,165),(3661,78,186),(3662,78,201),(3663,78,234),(3664,78,253),(3665,78,319),(3666,78,353),(3667,78,395),(3668,78,409),(3669,78,410),(3670,78,431),(3671,78,433),(3672,78,439),(3673,78,451),(3674,78,480),(3675,78,493),(3676,79,9),(3677,79,10),(3678,79,12),(3679,79,16),(3680,79,23),(3681,79,33),(3682,79,52),(3683,79,54),(3684,79,86),(3685,79,87),(3686,79,88),(3687,79,103),(3688,79,109),(3689,79,123),(3690,79,158),(3691,79,162),(3692,79,173),(3693,79,183),(3694,79,186),(3695,79,189),(3696,79,209),(3697,79,215),(3698,79,226),(3699,79,237),(3700,79,238),(3701,79,240),(3702,79,251),(3703,79,293),(3704,79,294),(3705,79,300),(3706,79,323),(3707,79,331),(3708,79,342),(3709,79,356),(3710,79,365),(3711,79,368),(3712,79,370),(3713,79,377),(3714,79,402),(3715,79,413),(3716,79,417),(3717,79,424),(3718,79,434),(3719,79,437),(3720,79,456),(3721,80,18),(3722,80,38),(3723,80,50),(3724,80,65),(3725,80,92),(3726,80,94),(3727,80,107),(3728,80,113),(3729,80,134),(3730,80,156),(3731,80,174),(3732,80,184),(3733,80,192),(3734,80,198),(3735,80,199),(3736,80,210),(3737,80,215),(3738,80,216),(3739,80,217),(3740,80,219),(3741,80,221),(3742,80,222),(3743,80,225),(3744,80,227),(3745,80,230),(3746,80,238),(3747,80,247),(3748,80,268),(3749,80,273),(3750,80,277),(3751,80,280),(3752,80,283),(3753,80,296),(3754,80,302),(3755,80,307),(3756,80,323),(3757,80,335),(3758,80,337),(3759,80,359),(3760,80,414),(3761,80,439),(3762,80,446),(3763,80,464),(3764,80,489),(3765,80,497),(3766,81,28),(3767,81,36),(3768,81,43),(3769,81,49),(3770,81,63),(3771,81,76),(3772,81,113),(3773,81,145),(3774,81,152),(3775,81,202),(3776,81,206),(3777,81,211),(3778,81,217),(3779,81,222),(3780,81,230),(3781,81,250),(3782,81,274),(3783,81,306),(3784,81,323),(3785,81,363),(3786,81,389),(3787,81,396),(3788,81,399),(3789,81,402),(3790,81,428),(3791,81,446),(3792,81,452),(3793,81,453),(3794,81,472),(3795,81,477),(3796,81,492),(3797,82,1),(3798,82,16),(3799,82,49),(3800,82,59),(3801,82,104),(3802,82,109),(3803,82,120),(3804,82,134),(3805,82,137),(3806,82,163),(3807,82,173),(3808,82,177),(3809,82,189),(3810,82,228),(3811,82,255),(3812,82,261),(3813,82,266),(3814,82,285),(3815,82,295),(3816,82,309),(3817,82,314),(3818,82,407),(3819,82,420),(3820,82,430),(3821,82,448),(3822,82,467),(3823,83,14),(3824,83,26),(3825,83,52),(3826,83,53),(3827,83,55),(3828,83,77),(3829,83,134),(3830,83,137),(3831,83,148),(3832,83,182),(3833,83,185),(3834,83,198),(3835,83,201),(3836,83,217),(3837,83,221),(3838,83,222),(3839,83,232),(3840,83,233),(3841,83,238),(3842,83,240),(3843,83,241),(3844,83,246),(3845,83,251),(3846,83,256),(3847,83,257),(3848,83,262),(3849,83,263),(3850,83,264),(3851,83,288),(3852,83,290),(3853,83,296),(3854,83,334),(3855,83,340),(3856,83,361),(3857,83,381),(3858,83,386),(3859,83,403),(3860,83,404),(3861,83,410),(3862,83,416),(3863,83,422),(3864,83,435),(3865,83,436),(3866,83,450),(3867,83,479),(3868,83,486),(3869,84,1),(3870,84,12),(3871,84,20),(3872,84,43),(3873,84,45),(3874,84,120),(3875,84,136),(3876,84,159),(3877,84,166),(3878,84,172),(3879,84,185),(3880,84,195),(3881,84,201),(3882,84,203),(3883,84,219),(3884,84,223),(3885,84,260),(3886,84,275),(3887,84,318),(3888,84,350),(3889,84,364),(3890,84,369),(3891,84,388),(3892,84,401),(3893,84,409),(3894,84,420),(3895,84,423),(3896,84,447),(3897,84,465),(3898,84,480),(3899,84,483),(3900,85,1),(3901,85,9),(3902,85,10),(3903,85,12),(3904,85,15),(3905,85,21),(3906,85,24),(3907,85,27),(3908,85,30),(3909,85,31),(3910,85,33),(3911,85,40),(3912,85,43),(3913,85,54),(3914,85,55),(3915,85,58),(3916,85,62),(3917,85,63),(3918,85,64),(3919,85,73),(3920,85,85),(3921,85,87),(3922,85,90),(3923,85,104),(3924,85,122),(3925,85,123),(3926,85,126),(3927,85,127),(3928,85,133),(3929,85,137),(3930,85,140),(3931,85,198),(3932,85,205),(3933,85,221),(3934,85,222),(3935,85,223),(3936,85,224),(3937,85,226),(3938,85,230),(3939,85,232),(3940,85,238),(3941,85,247),(3942,85,255),(3943,85,265),(3944,85,266),(3945,85,269),(3946,85,286),(3947,85,289),(3948,85,295),(3949,85,305),(3950,85,318),(3951,85,324),(3952,85,328),(3953,85,329),(3954,85,334),(3955,85,335),(3956,85,342),(3957,85,343),(3958,85,356),(3959,85,358),(3960,85,368),(3961,85,370),(3962,85,411),(3963,85,416),(3964,85,450),(3965,85,473),(3966,85,478),(3967,85,489),(3968,85,490),(3969,85,492),(3970,86,3),(3971,86,6),(3972,86,11),(3973,86,20),(3974,86,25),(3975,86,29),(3976,86,42),(3977,86,53),(3978,86,54),(3979,86,60),(3980,86,63),(3981,86,71),(3982,86,75),(3983,86,79),(3984,86,83),(3985,86,102),(3986,86,138),(3987,86,143),(3988,86,150),(3989,86,151),(3990,86,155),(3991,86,157),(3992,86,161),(3993,86,182),(3994,86,185),(3995,86,209),(3996,86,216),(3997,86,222),(3998,86,228),(3999,86,229),(4000,86,239),(4001,86,245),(4002,86,258),(4003,86,269),(4004,86,272),(4005,86,277),(4006,86,278),(4007,86,279),(4008,86,298),(4009,86,338),(4010,86,339),(4011,86,342),(4012,86,350),(4013,86,361),(4014,86,373),(4015,86,379),(4016,86,395),(4017,86,402),(4018,86,419),(4019,86,421),(4020,86,432),(4021,86,433),(4022,86,434),(4023,86,435),(4024,86,436),(4025,86,441),(4026,86,443),(4027,86,446),(4028,86,447),(4029,86,463),(4030,86,465),(4031,86,470),(4032,86,471),(4033,86,472),(4034,86,482),(4035,86,491),(4036,86,495),(4037,86,499),(4038,87,18),(4039,87,21),(4040,87,35),(4041,87,41),(4042,87,48),(4043,87,79),(4044,87,97),(4045,87,116),(4046,87,144),(4047,87,163),(4048,87,167),(4049,87,170),(4050,87,173),(4051,87,200),(4052,87,211),(4053,87,243),(4054,87,246),(4055,87,248),(4056,87,265),(4057,87,266),(4058,87,275),(4059,87,277),(4060,87,280),(4061,87,286),(4062,87,301),(4063,87,302),(4064,87,306),(4065,87,316),(4066,87,325),(4067,87,348),(4068,87,354),(4069,87,356),(4070,87,384),(4071,87,390),(4072,87,400),(4073,87,424),(4074,87,437),(4075,87,442),(4076,87,443),(4077,87,460),(4078,87,465),(4079,87,467),(4080,87,474),(4081,87,481),(4082,87,487),(4083,88,11),(4084,88,29),(4085,88,39),(4086,88,49),(4087,88,52),(4088,88,57),(4089,88,62),(4090,88,65),(4091,88,77),(4092,88,88),(4093,88,94),(4094,88,107),(4095,88,212),(4096,88,215),(4097,88,227),(4098,88,243),(4099,88,259),(4100,88,262),(4101,88,292),(4102,88,300),(4103,88,301),(4104,88,317),(4105,88,322),(4106,88,351),(4107,88,353),(4108,88,357),(4109,88,365),(4110,88,386),(4111,88,394),(4112,88,399),(4113,88,407),(4114,88,428),(4115,88,439),(4116,88,448),(4117,88,468),(4118,88,471),(4119,88,487),(4120,88,492),(4121,89,9),(4122,89,10),(4123,89,18),(4124,89,19),(4125,89,25),(4126,89,32),(4127,89,46),(4128,89,47),(4129,89,50),(4130,89,51),(4131,89,77),(4132,89,91),(4133,89,95),(4134,89,96),(4135,89,119),(4136,89,124),(4137,89,129),(4138,89,146),(4139,89,147),(4140,89,154),(4141,89,172),(4142,89,183),(4143,89,191),(4144,89,198),(4145,89,200),(4146,89,212),(4147,89,223),(4148,89,226),(4149,89,237),(4150,89,240),(4151,89,242),(4152,89,249),(4153,89,258),(4154,89,264),(4155,89,281),(4156,89,317),(4157,89,337),(4158,89,340),(4159,89,343),(4160,89,345),(4161,89,360),(4162,89,364),(4163,89,369),(4164,89,423),(4165,89,436),(4166,89,446),(4167,89,450),(4168,89,471),(4169,89,486),(4170,89,500),(4171,90,3),(4172,90,12),(4173,90,37),(4174,90,43),(4175,90,50),(4176,90,53),(4177,90,58),(4178,90,74),(4179,90,80),(4180,90,93),(4181,90,94),(4182,90,96),(4183,90,98),(4184,90,102),(4185,90,108),(4186,90,111),(4187,90,123),(4188,90,124),(4189,90,134),(4190,90,144),(4191,90,165),(4192,90,170),(4193,90,175),(4194,90,199),(4195,90,200),(4196,90,201),(4197,90,208),(4198,90,218),(4199,90,229),(4200,90,231),(4201,90,243),(4202,90,260),(4203,90,268),(4204,90,273),(4205,90,276),(4206,90,280),(4207,90,286),(4208,90,292),(4209,90,300),(4210,90,303),(4211,90,309),(4212,90,312),(4213,90,316),(4214,90,317),(4215,90,322),(4216,90,327),(4217,90,334),(4218,90,341),(4219,90,342),(4220,90,343),(4221,90,348),(4222,90,354),(4223,90,355),(4224,90,369),(4225,90,371),(4226,90,384),(4227,90,437),(4228,90,444),(4229,90,446),(4230,90,454),(4231,90,460),(4232,90,480),(4233,90,486),(4234,90,491),(4235,91,6),(4236,91,15),(4237,91,23),(4238,91,28),(4239,91,50),(4240,91,57),(4241,91,64),(4242,91,79),(4243,91,91),(4244,91,101),(4245,91,114),(4246,91,147),(4247,91,149),(4248,91,150),(4249,91,184),(4250,91,197),(4251,91,202),(4252,91,217),(4253,91,231),(4254,91,234),(4255,91,244),(4256,91,256),(4257,91,306),(4258,91,307),(4259,91,316),(4260,91,350),(4261,91,361),(4262,91,367),(4263,91,375),(4264,91,381),(4265,91,388),(4266,91,390),(4267,91,394),(4268,91,448),(4269,91,486),(4270,92,2),(4271,92,8),(4272,92,12),(4273,92,18),(4274,92,19),(4275,92,24),(4276,92,25),(4277,92,29),(4278,92,63),(4279,92,68),(4280,92,69),(4281,92,75),(4282,92,88),(4283,92,91),(4284,92,92),(4285,92,94),(4286,92,107),(4287,92,118),(4288,92,119),(4289,92,124),(4290,92,126),(4291,92,141),(4292,92,144),(4293,92,149),(4294,92,153),(4295,92,176),(4296,92,188),(4297,92,191),(4298,92,204),(4299,92,211),(4300,92,220),(4301,92,222),(4302,92,230),(4303,92,231),(4304,92,234),(4305,92,247),(4306,92,266),(4307,92,276),(4308,92,282),(4309,92,289),(4310,92,292),(4311,92,300),(4312,92,316),(4313,92,322),(4314,92,333),(4315,92,345),(4316,92,350),(4317,92,366),(4318,92,373),(4319,92,383),(4320,92,388),(4321,92,393),(4322,92,410),(4323,92,424),(4324,92,429),(4325,92,435),(4326,92,453),(4327,92,458),(4328,92,459),(4329,92,462),(4330,92,467),(4331,92,469),(4332,92,495),(4333,92,497),(4334,93,27),(4335,93,35),(4336,93,61),(4337,93,67),(4338,93,68),(4339,93,90),(4340,93,102),(4341,93,109),(4342,93,116),(4343,93,119),(4344,93,121),(4345,93,126),(4346,93,167),(4347,93,171),(4348,93,177),(4349,93,206),(4350,93,212),(4351,93,217),(4352,93,233),(4353,93,275),(4354,93,279),(4355,93,295),(4356,93,304),(4357,93,335),(4358,93,349),(4359,93,372),(4360,93,374),(4361,93,388),(4362,93,392),(4363,93,399),(4364,93,435),(4365,93,442),(4366,93,492),(4367,94,12),(4368,94,18),(4369,94,19),(4370,94,46),(4371,94,59),(4372,94,66),(4373,94,71),(4374,94,94),(4375,94,105),(4376,94,117),(4377,94,120),(4378,94,125),(4379,94,137),(4380,94,150),(4381,94,156),(4382,94,161),(4383,94,163),(4384,94,190),(4385,94,198),(4386,94,214),(4387,94,216),(4388,94,218),(4389,94,221),(4390,94,239),(4391,94,240),(4392,94,246),(4393,94,248),(4394,94,250),(4395,94,252),(4396,94,306),(4397,94,311),(4398,94,312),(4399,94,315),(4400,94,328),(4401,94,330),(4402,94,331),(4403,94,357),(4404,94,363),(4405,94,366),(4406,94,377),(4407,94,380),(4408,94,385),(4409,94,394),(4410,94,397),(4411,94,399),(4412,94,406),(4413,94,408),(4414,94,414),(4415,94,437),(4416,94,450),(4417,94,464),(4418,94,470),(4419,94,474),(4420,94,500),(4421,95,2),(4422,95,4),(4423,95,20),(4424,95,27),(4425,95,56),(4426,95,57),(4427,95,69),(4428,95,178),(4429,95,195),(4430,95,203),(4431,95,213),(4432,95,254),(4433,95,258),(4434,95,275),(4435,95,280),(4436,95,305),(4437,95,308),(4438,95,310),(4439,95,320),(4440,95,342),(4441,95,369),(4442,95,379),(4443,95,392),(4444,95,401),(4445,95,431),(4446,95,433),(4447,95,471),(4448,95,477),(4449,95,489),(4450,96,7),(4451,96,23),(4452,96,30),(4453,96,50),(4454,96,51),(4455,96,52),(4456,96,58),(4457,96,60),(4458,96,74),(4459,96,82),(4460,96,85),(4461,96,109),(4462,96,115),(4463,96,120),(4464,96,122),(4465,96,145),(4466,96,179),(4467,96,246),(4468,96,288),(4469,96,308),(4470,96,321),(4471,96,330),(4472,96,348),(4473,96,366),(4474,96,368),(4475,96,393),(4476,96,415),(4477,96,421),(4478,96,428),(4479,96,431),(4480,96,474),(4481,96,482),(4482,96,485),(4483,96,492),(4484,96,493),(4485,96,496),(4486,97,5),(4487,97,6),(4488,97,9),(4489,97,21),(4490,97,52),(4491,97,65),(4492,97,66),(4493,97,70),(4494,97,76),(4495,97,77),(4496,97,81),(4497,97,90),(4498,97,97),(4499,97,105),(4500,97,107),(4501,97,119),(4502,97,143),(4503,97,151),(4504,97,153),(4505,97,154),(4506,97,163),(4507,97,183),(4508,97,190),(4509,97,207),(4510,97,215),(4511,97,225),(4512,97,252),(4513,97,261),(4514,97,264),(4515,97,282),(4516,97,287),(4517,97,292),(4518,97,295),(4519,97,297),(4520,97,304),(4521,97,308),(4522,97,311),(4523,97,316),(4524,97,318),(4525,97,321),(4526,97,341),(4527,97,343),(4528,97,353),(4529,97,359),(4530,97,363),(4531,97,364),(4532,97,382),(4533,97,398),(4534,97,405),(4535,97,431),(4536,97,438),(4537,97,454),(4538,98,1),(4539,98,26),(4540,98,31),(4541,98,34),(4542,98,35),(4543,98,41),(4544,98,44),(4545,98,46),(4546,98,51),(4547,98,72),(4548,98,76),(4549,98,77),(4550,98,86),(4551,98,93),(4552,98,95),(4553,98,108),(4554,98,112),(4555,98,124),(4556,98,128),(4557,98,137),(4558,98,145),(4559,98,166),(4560,98,167),(4561,98,175),(4562,98,176),(4563,98,205),(4564,98,206),(4565,98,219),(4566,98,226),(4567,98,240),(4568,98,244),(4569,98,253),(4570,98,282),(4571,98,291),(4572,98,302),(4573,98,308),(4574,98,313),(4575,98,320),(4576,98,321),(4577,98,336),(4578,98,341),(4579,98,342),(4580,98,345),(4581,98,356),(4582,98,358),(4583,98,361),(4584,98,369),(4585,98,375),(4586,98,392),(4587,98,398),(4588,98,400),(4589,98,444),(4590,98,451),(4591,98,457),(4592,98,464),(4593,98,465),(4594,98,486),(4595,98,488),(4596,99,10),(4597,99,12),(4598,99,15),(4599,99,18),(4600,99,20),(4601,99,21),(4602,99,23),(4603,99,34),(4604,99,41),(4605,99,99),(4606,99,100),(4607,99,102),(4608,99,110),(4609,99,128),(4610,99,148),(4611,99,158),(4612,99,165),(4613,99,170),(4614,99,175),(4615,99,187),(4616,99,191),(4617,99,209),(4618,99,213),(4619,99,238),(4620,99,267),(4621,99,278),(4622,99,304),(4623,99,306),(4624,99,310),(4625,99,327),(4626,99,332),(4627,99,339),(4628,99,368),(4629,99,389),(4630,99,391),(4631,99,411),(4632,99,422),(4633,99,428),(4634,99,440),(4635,99,442),(4636,99,482),(4637,99,488),(4638,99,495),(4639,100,18),(4640,100,22),(4641,100,25),(4642,100,27),(4643,100,33),(4644,100,48),(4645,100,72),(4646,100,101),(4647,100,115),(4648,100,118),(4649,100,122),(4650,100,131),(4651,100,132),(4652,100,144),(4653,100,161),(4654,100,168),(4655,100,170),(4656,100,209),(4657,100,213),(4658,100,218),(4659,100,221),(4660,100,230),(4661,100,258),(4662,100,261),(4663,100,276),(4664,100,278),(4665,100,279),(4666,100,285),(4667,100,287),(4668,100,302),(4669,100,304),(4670,100,309),(4671,100,310),(4672,100,317),(4673,100,325),(4674,100,326),(4675,100,331),(4676,100,333),(4677,100,344),(4678,100,352),(4679,100,354),(4680,100,357),(4681,100,367),(4682,100,368),(4683,100,372),(4684,100,374),(4685,100,379),(4686,100,381),(4687,100,384),(4688,100,388),(4689,100,403),(4690,100,405),(4691,100,416),(4692,100,420),(4693,100,424),(4694,100,425),(4695,100,440),(4696,100,455),(4697,100,468),(4698,100,471),(4699,100,487),(4700,100,489),(4701,100,491);
